"Founded","Top Competitor","Employees","CEO","Name"
"Founded: April 1, 1976",Samsung,"Employees: 100,000",CEO: Mr. Timothy D. Cook,Apple
"Founded: April 4, 1975",Oracle,"Employees: 181,000",CEO: Mr. Satya Nadella,Microsoft
"",ExxonMobil,"",CEO: Mr. Amin H. Nasser,Aramco
"Founded: October 2, 2015",Meta,"Employees: 156,500",CEO: Mr. Sundar Pichai,Alphabet
"Founded: July 5, 1994",Alibaba,"Employees: 1,608,000",CEO: Mr. Andrew R. Jassy,Amazon
"Founded: July 1, 2003",Volkswagen,"Employees: 99,290",CEO: Mr. Elon R. Musk,Tesla
Founded: 1839,Grupo Elektra SAB DE CV,"Employees: 372,000",CEO: Mr. Warren E. Buffett,Berkshire Hathaway
"Founded: April 5, 1993",TSMC,"Employees: 22,473",CEO: Mr. Jen-Hsun Huang,Nvidia
"Founded: January 4, 2004",Alphabet,"Employees: 71,970",CEO: Mr. Mark Elliot Zuckerberg,Meta
"Founded: Industrial Technology Research Institute, Hsinchu, Taiwan.1987",Nvidia,"Employees: 54,193",CEO: Dr. C. C. Wei,TSMC
Founded: 1977,CVS Health,"Employees: 350,000",CEO: Sir Andrew Philip Witty,UnitedHealth Group
"Founded: September 18, 1958",Mastercard,"Employees: 21,500",CEO: Mr. Alfred Francis Kelly Jr.,Visa
Founded: January 1886,Roche,"Employees: 141,700",CEO: Mr. Joaquin Duato,Johnson & Johnson
"",Alphabet,"Employees: 112,771",CEO: Mr. Huateng Pony Ma,Tencent
"Founded: July 2, 1962",Costco,"Employees: 2,300,000",CEO: Mr. C. Douglas McMillon,Walmart
"Founded: December 1, 2000",Bank of America,"Employees: 271,025",CEO: Mr. James Dimon,JPMorgan
"Founded: October 31, 1837",L'Oréal,"Employees: 101,000",CEO: Mr. Jon R. Moeller,Procter & Gamble
"",Apple,"",CEO: Mr. Jong-Hee Han,Samsung
"",Hermès,"Employees: 148,343",CEO: Mr. Bernard Arnault,LVMH
Founded: 1966,Visa,"Employees: 24,000",CEO: Mr. Michael Miebach,Mastercard
Founded: 1998,JPMorgan,"Employees: 208,000",CEO: Mr. Brian Thomas Moynihan,Bank of America
"",Johnson & Johnson,"Employees: 100,920",CEO: Dr. Severin Schwan Ph.D.,Roche
"Founded: November 30, 1999",Aramco,"Employees: 63,000",CEO: Mr. Darren W. Woods,ExxonMobil
"",Diageo plc,"Employees: 29,031","",Kweichow Moutai
"Founded: February 6, 1978",Lowe's,"Employees: 490,600",CEO: Mr. Edward P. Decker,Home Depot
"Founded: September 10, 1879",Aramco,"Employees: 42,595",CEO: Mr. Michael K. Wirth,Chevron
Founded: 1849,Johnson & Johnson,"Employees: 79,000","CEO: Dr. Albert Bourla D.V.M., DVM, Ph.D.",Pfizer
Founded: 2013,Johnson & Johnson,"Employees: 50,000",CEO: Mr. Richard A. Gonzalez,AbbVie
Founded: 28 June 1999,Amazon,"Employees: 259,316",CEO: Mr. Yong Zhang,Alibaba
Founded: 1984,Applied Materials,"Employees: 29,861",CEO: Mr. Peter T. F. M. Wennink,ASML
"Founded: January 29, 1892",PepsiCo,"Employees: 79,000",CEO: Mr. James Robert B. Quincey,Coca-Cola
Founded: 1876,Johnson & Johnson,"Employees: 35,000",CEO: Mr. David A. Ricks,Lilly
Founded: 1961,Nvidia,"Employees: 20,000",CEO: Mr. Hock E. Tan,Broadcom
"Founded: July 12, 1976",Walmart,"Employees: 288,000",CEO: Mr. W. Craig Jelinek,Costco
"Founded: December 21, 1923",CSL Limited,"Employees: 47,792",CEO: Mr. Lars Fruergaard Jorgensen,Novo Nordisk
"",JPMorgan,"Employees: 439,787","",ICBC
"Founded: October 16, 1923",Comcast,"Employees: 152,000",CEO: Mr. Robert A. Chapek,Disney
"Founded: August 28, 1898",Coca-Cola,"Employees: 309,000",CEO: Mr. Ramon Luis Laguarta,PepsiCo
"Founded: December 10, 1984","Motorola Solutions, Inc.","Employees: 79,500",CEO: Mr. Charles H. Robbins,Cisco
Founded: 1956,Danaher,"Employees: 130,000",CEO: Mr. Marc N. Casper,Thermo Fisher Scientific
"Founded: June 16, 1977",Microsoft,"Employees: 132,000",CEO: Ms. Safra Ada Catz,Oracle
"",Procter & Gamble,"Employees: 85,400",CEO: Mr. Nicolas Hieronimus,L'Oréal
Founded: 1989,International Business Machines Corporation,"Employees: 699,000",CEO: Ms. Julie T. Spellman Sweet,Accenture
"Founded: June 28, 1963",Disney,"Employees: 189,000",CEO: Mr. Brian L. Roberts,Comcast
"Founded: October 7, 1983",AT&T,"Employees: 118,400",CEO: Mr. Hans E. Vestberg,Verizon
Founded: 1888,Medtronic,"Employees: 113,000",CEO: Mr. Robert B. Ford,Abbott
"Founded: January 25, 1964",adidas AG,"Employees: 73,300",CEO: Mr. John J. Donahoe II,Nike
Founded: 1885,Rio Tinto,"Employees: 40,110","CEO: Mr. Mike P. Henry B.Sc., BSc (Chem)",BHP
Founded: 1891,Johnson & Johnson,"Employees: 67,000",CEO: Mr. Robert M. Davis J.D.,Merck
Founded: 1969,Thermo Fisher Scientific,"Employees: 78,000",CEO: Mr. Rainer M. Blair,Danaher
"",Aramco,"Employees: 87,000",CEO: Mr. Ben Van Beurden,Shell
Founded: March 1996,Johnson & Johnson,"Employees: 104,323","",Novartis
Founded: 6 April 1999,Johnson & Johnson,"Employees: 83,100","CEO: Mr. Pascal Soriot D.V.M., M.B.A.",AstraZeneca
"Founded: July 18, 1968",Nvidia,"Employees: 121,100",CEO: Mr. Patrick P. Gelsinger,Intel
Founded: 1929,JPMorgan,"Employees: 247,848",CEO: Mr. Charles W. Scharf,Wells Fargo
Founded: December 1982,Microsoft,"Employees: 25,988",CEO: Mr. Shantanu Narayen,Adobe
"Founded: February 3, 1999",SAP,"Employees: 73,541",CEO: Mr. Marc R. Benioff,Salesforce
"Founded: August 28, 1907",FedEx Corporation,"Employees: 267,890",CEO: Ms. Carol B. Tome,UPS
"",JPMorgan,"Employees: 373,814","",China Construction Bank
"Founded: May 15, 1940",Starbucks,"Employees: 100,000",CEO: Mr. Christopher J. Kempczinski,McDonald's
"",JPMorgan,"Employees: 103,669",CEO: Mr. Huiyu Tian MPA,China Merchants Bank
"",ABB Ltd,"Employees: 33,078","",CATL
Founded: 1969 ,Canadian National Railway Company,"Employees: 29,905",CEO: Mr. Lance M. Fritz,Union Pacific
"Founded: October 5, 1983",Verizon,"Employees: 203,000",CEO: Mr. John T. Stankey,AT&T
Founded: July 1985,Nvidia,"Employees: 45,000",CEO: Mr. Cristiano Renno Amon,Qualcomm
Founded: 1930,Nvidia,"Employees: 31,000",CEO: Mr. Richard K. Templeton,Texas Instruments
Founded: 1887,Johnson & Johnson,"Employees: 32,200",CEO: Dr. Giovanni Caforio M.D.,Bristol Myers Squibb
"",Alphabet,"Employees: 23,939",CEO: Mr. Bob van Dijk,Prosus
Founded: 21 June 1879,The Sherwin-Williams Company,"Employees: 72,327",CEO: Mr. Sanjiv Lamba,Linde
Founded: 1984,Duke Energy Corporation,"Employees: 15,000",CEO: Mr. John W. Ketchum,NextEra Energy
"",JPMorgan,"Employees: 459,000","",Agricultural Bank of China
Founded: 1994,Verizon,"Employees: 75,000",CEO: Mr. G. Michael Sievert,T-Mobile US
Founded: 1935,Schwab,"Employees: 75,000",CEO: Mr. James Patrick Gorman,Morgan Stanley
"Founded: August 29, 1997",Disney,"Employees: 11,300",CEO: Mr. Wilmot Reed Hastings Jr.,Netflix
"",JPMorgan,"Employees: 85,211",CEO: Mr. David I. McKay,RBC
Founded: 1971,Morgan Stanley,"Employees: 33,400",CEO: Mr. Walter William Bettinger II,Schwab
Founded: 2008,"Altria Group, Inc.","Employees: 69,600",CEO: Mr. Jacek Olczak,Philip Morris
Founded: 2001 ,Abbott,"Employees: 90,000",CEO: Mr. Geoffrey Straub Martha,Medtronic
Founded: 2020,Lockheed Martin Corporation,"Employees: 174,000",CEO: Mr. Gregory J. Hayes,Raytheon Technologies
"Founded: March 18, 1850",Visa,"Employees: 64,000",CEO: Mr. Stephen Joseph Squeri,American Express
Founded: 1837,LVMH,"Employees: 17,595","",Hermès
Founded: 1 February 1955,JPMorgan,"Employees: 90,000",CEO: Mr. Bharat B. Masrani,TD Bank
Founded: 5 November 1999,Aramco,"Employees: 432,003","",PetroChina
Founded: 22 December 1911,JPMorgan,"Employees: 47,532",CEO: Mr. Matthew Comyn,CommBank
"Founded: March 25, 1921",Home Depot,"Employees: 300,000",CEO: Mr. Marvin R. Ellison,Lowe's
"Founded: April 8, 1980",Johnson & Johnson,"Employees: 24,200",CEO: Mr. Robert A. Bradway,Amgen
"",JPMorgan,"Employees: 309,084","",Bank of China
Founded: First established on 3 March 1865,JPMorgan,"Employees: 219,697",CEO: Mr. Noel Paul Quinn,HSBC
"",Verizon,"Employees: 449,934",CEO: Mr. Xin Dong,China Mobile
Founded: 28 March 1924,Aramco,"Employees: 105,476",CEO: Mr. Patrick PouyannÃ©,TotalEnergies
Founded: 1906,Siemens,"Employees: 99,000",CEO: Mr. Darius E. Adamczyk,Honeywell
Founded: 30 August 2002,Canadian Natural Resources Limited,"Employees: 9,900",CEO: Mr. Ryan M. Lance,ConocoPhillips
Founded: 1963,UnitedHealth Group,"Employees: 216,000",CEO: Ms. Karen Sue Lynch,CVS Health
"",AIA Group,"Employees: 355,982",CEO: Mr. Bo Yao,Ping An Insurance
"Founded: Weinheim, Germany1972",Salesforce,"Employees: 107,415",CEO: Mr. Christian Klein,SAP
Founded: December 1998,Visa,"Employees: 30,900",CEO: Mr. Daniel H. Schulman,PayPal
Founded: 1973,Johnson & Johnson,"Employees: 95,442",CEO: Mr. Paul Hudson,Sanofi
Founded: 1837,Caterpillar Inc.,"Employees: 75,550",CEO: Mr. John C. May II,John Deere
"Founded: May 1, 1969",Nvidia,"Employees: 15,500",CEO: Dr. Lisa T. Su Ph.D.,AMD
Founded: 1983,Salesforce,"Employees: 13,500",CEO: Mr. Sasan K. Goodarzi,Intuit
Founded: 7 May 1946,Apple,"Employees: 109,700",CEO: Mr. Kenichiro Yoshida,Sony
Founded: 1873,BHP,"Employees: 49,000","CEO: Mr. Jakob Stausholm M.S., MS",Rio Tinto
"",Ping An Insurance,"Employees: 23,000","",AIA Group
"Founded: March 15, 1995",Raytheon Technologies,"Employees: 114,000",CEO: Mr. James D. Taiclet Jr.,Lockheed Martin Corporation
"Founded: April 15, 1925",John Deere,"Employees: 107,700",CEO: Mr. D. James Umpleby III,Caterpillar Inc.
"",Heineken N.V.,"Employees: 169,339","",Anheuser-Busch InBev SA/NV
Founded: 14 June 1972,Aramco,"Employees: 21,126",CEO: Mr. Anders Opedal,Equinor ASA
"",LVMH,"Employees: 119,243",CEO: Mr. Sidney Toledano,Dior
Founded: 1983,Public Storage,"Employees: 2,053",CEO: Mr. Hamid R. Moghadam,Prologis
"Founded: November 10, 1967",ASML,"Employees: 28,500",CEO: Mr. Gary E. Dickerson,Applied Materials
Founded: Anthem and WellPoint Health Networks merger in 2004,UnitedHealth Group,"Employees: 98,200",CEO: Ms. Gail Koziara Boudreaux,"Anthem, Inc."
"Founded: June 16, 1911",Accenture,"Employees: 282,100",CEO: Mr. Arvind Krishna,International Business Machines Corporation
Founded: 2 September 1929,Procter & Gamble,"Employees: 148,012",CEO: Mr. Alan W. Jope,Unilever
Founded: 1988,The Blackstone Group Inc.,"Employees: 18,400",CEO: Mr. Laurence Douglas Fink,BlackRock
"",JPMorgan,"Employees: 134,412",CEO: Mr. Sashidhar Jagdishan,HDFC Bank
"",Kweichow Moutai,"Employees: 27,783",CEO: Mr. Ivan M. Menezes,Diageo plc
Founded: 1995,Crown Castle International Corp. (REIT),"Employees: 6,378",CEO: Mr. Thomas A. Bartlett CPA,American Tower
"",Honeywell,"Employees: 303,000",CEO: Dr. Roland Busch Dipl.Phys.,Siemens
"",Amazon,"Employees: 69,205",CEO: Mr. Xing Wang,Meituan
"",Hexagon AB,"Employees: 8,380","",Keyence
Founded: 1869,Morgan Stanley,"Employees: 43,900",CEO: Mr. David Solomon,"The Goldman Sachs Group, Inc."
"Founded: 14 March 1996, Melbourne","Ferrovial, SA",Employees: 672,"CEO: Mr. Scott Charlton M.B.A., BSci, BEng (Elec), MBA, Member of FEI, FTA",Transurban Group
"","The TJX Companies, Inc.","Employees: 104,431",CEO: Mr. Oscar Garcia Maceiras,"Industria de Diseño Textil, SA"
"Founded: July 15, 1916",Raytheon Technologies,"Employees: 142,000",CEO: Mr. David L. Calhoun,The Boeing Company
Founded: December 2000,Johnson & Johnson,"Employees: 90,096",CEO: Ms. Emma N. Walmsley,GlaxoSmithKline plc
"Founded: October 8, 1998",JPMorgan,"Employees: 220,092",CEO: Ms. Jane Nind Fraser,Citigroup Inc.
"",Tesla,"Employees: 645,318",CEO: Dr. Herbert Diess,Volkswagen
"Founded: March 30, 1971",McDonald's,"Employees: 383,000",CEO: Mr. Kevin R. Johnson,Starbucks
"",BHP,"","",Vale SA
Founded: 2003,Salesforce,"Employees: 16,881",CEO: Mr. William R. McDermott,"ServiceNow, Inc."
"Founded: June 24, 1902",Walmart,"Employees: 450,000",CEO: Mr. Brian C. Cornell,Target Corporation
Founded: 2 July 1981,Accenture,"Employees: 292,067",CEO: Mr. Salil Satish Parekh,Infosys Limited
"",JPMorgan,"Employees: 15,078","",Al Rajhi Banking and Investment Corp
Founded: August 2008,Alphabet,"Employees: 6,132",CEO: Mr. Brian Chesky,"Airbnb, Inc."
Founded: 1993,Disney,"Employees: 93,700",CEO: Mr. Thomas M. Rutledge,Charter Communications
"",Tesla,"Employees: 224,280",CEO: Mr. Chuan-Fu Wang,BYD Company
"",Vulcan International Corp,"",CEO: Mr. Yousef Bin Abdullah Al-Benyan,Saudi Basic Industries Corp
"",Verizon,"Employees: 324,667",CEO: Mr. Jun Sawada,Nippon Telegraph & Telephone Corp
Founded: 1985,Philip Morris,"Employees: 6,000",CEO: Mr. William F. Gifford Jr.,"Altria Group, Inc."
Founded: 1902,Philip Morris,"Employees: 54,365",CEO: Mr. Jack Marie Henry David Bowles,British American Tobacco plc
Founded: 1941,Abbott,"Employees: 46,000",CEO: Mr. Kevin A. Lobo,Stryker Corporation
Founded: 1917,CME Group Inc.,"Employees: 22,850",CEO: Mr. Douglas L. Peterson M.B.A.,S&P Global Inc.
Founded: 1946,Procter & Gamble,"Employees: 44,640",CEO: Mr. Fabrizio Freda,The Estée Lauder Companies Inc.
"Founded: April 15, 1892",Honeywell,"Employees: 168,000",CEO: Mr. H. Lawrence Culp Jr.,General Electric
"",Tesla,"Employees: 289,282",CEO: Mr. Ola Kallenius,Daimler AG
"Founded: Hamilton, Bermuda 1985",The Progressive Corporation,"Employees: 31,000",CEO: Mr. Evan G. Greenberg,Chubb Limited
"",Zurich Insurance Group AG,"Employees: 155,411",CEO: Mr. Oliver Bate,Allianz SE
Founded: 3 October 1953,Aramco,"Employees: 46,416",CEO: Mr. Joaquim Silva e Luna,Petróleo Brasileiro S.A. - Petrobras
"",Raytheon Technologies,"Employees: 121,056",CEO: Mr. Guillaume M.J.D Faury,Airbus
Founded: 1949,Ping An Insurance,"Employees: 104,160","",China Life Insurance Company Limited
Founded: 1949,Recruit Holdings Co Ltd,"Employees: 56,000",CEO: Mr. Carlos A. Rodriguez,"Automatic Data Processing, Inc."
Founded: 14 April 1909 as the Anglo-Persian Oil Company,Aramco,"Employees: 60,000","",BP plc
"",Shaanxi Coal Industry Company Ltd,"Employees: 77,029","",China Shenhua Energy Company Ltd
Founded: 1996,China Tourism Group Duty Free Corp Ltd,"Employees: 20,097",CEO: Mr. Glenn D. Fogel,Booking Holdings Inc.
Founded: 6 June 1919,Union Pacific,"Employees: 22,604",CEO: Ms. Tracy A. Robinson,Canadian National Railway Company
"Founded: April 30, 1949 as Interprovincial Pipe Line Company",Enterprise Products Partners L.P.,"Employees: 10,900",CEO: Mr. Al Monaco,Enbridge Inc.
"",Honeywell,"Employees: 166,025",CEO: Mr. Jean-Pascal Tricoire,Schneider Electric SE
"",Verizon,"Employees: 216,528",CEO: Mr. Timotheus Hottges,Deutsche Telekom AG
"",Zoetis Inc.,"Employees: 60,334",CEO: Ms. Belen Garijo Lopez M.D.,MERCK Kommanditgesellschaft auf Aktien
"Founded: December 10, 1923",The Hershey Company,"Employees: 79,000",CEO: Mr. Dirk Van de Put,"Mondelez International, Inc."
Founded: 6 June 2009,Amazon,"Employees: 310,000",CEO: Mr. Qiangdong Liu,JD.com
"",Saudi Basic Industries Corp,Employees: 68,"",Vulcan International Corp
Founded: 1952 ,MERCK Kommanditgesellschaft auf Aktien,"Employees: 12,100",CEO: Ms. Kristin C. Peck,Zoetis Inc.
Founded: 1916,Novo Nordisk,"Employees: 25,000",CEO: Mr. Paul R. Perreault B.A.,CSL Limited
"Founded: June 13, 1902",Honeywell,"Employees: 95,000",CEO: Mr. Michael F. Roman,3M Company
Founded: 1904,NextEra Energy,"Employees: 27,605",CEO: Ms. Lynn J. Good,Duke Energy Corporation
"Founded: March 30, 1832",JPMorgan,"Employees: 89,782","CEO: Mr. Brian Johnston Porter A.M.P., B.Com.",Bank of Nova Scotia
Founded: 1985,BlackRock,"Employees: 3,795","CEO: Mr. Stephen Allen Schwarzman B.A., M.B.A.",The Blackstone Group Inc.
Founded: 1899,BlackRock,"Employees: 150,000",CEO: Mr. James Bruce Flatt,Brookfield Asset Management Inc.
Founded: 1974,BHP,"Employees: 81,284",CEO: Mr. Gary Nagle,Glencore plc
Founded: 1848,S&P Global Inc.,"Employees: 3,480",CEO: Mr. Terrence A. Duffy,CME Group Inc.
Founded: 1905,Aon Plc,"Employees: 83,000",CEO: Mr. Daniel S. Glaser,"Marsh & McLennan Companies, Inc."
"Founded: October 5, 1978",Nvidia,"Employees: 43,000",CEO: Mr. Sanjay Mehrotra,"Micron Technology, Inc."
"Founded: October 1, 2005",JPMorgan,"Employees: 132,700",CEO: Mr. Hironori Kamezawa,"Mitsubishi UFJ Financial Group, Inc."
Founded: 1982,UnitedHealth Group,"Employees: 72,226",CEO: Mr. David Michael Cordani,Cigna Corporation
Founded: 2006,Salesforce,"Employees: 10,000",CEO: Mr. Tobias LÃ¼tke,Shopify
"",Saudi Basic Industries Corp,"Employees: 66,400",CEO: Mr. Benoit Potier,Air Liquide SA
Founded: 1968,Aier Eye Hospital Group Co. Ltd,"Employees: 204,000",CEO: Mr. Samuel N. Hazen,"HCA Healthcare, Inc."
Founded: 1982,JPMorgan,"Employees: 32,741","CEO: Mr. Ross Maxwell McEwan B.B.S., CBE",National Australia Bank Limited
Founded: 1994,American Tower,"Employees: 5,000",CEO: Mr. Jay A. Brown,Crown Castle International Corp. (REIT)
"","Becton, Dickinson and Company","Employees: 144,888",CEO: Mr. Francesco Milleri,EssilorLuxottica SA
"Founded: July 13, 1863",JPMorgan,"Employees: 68,796",CEO: Mr. Andrew J. Cecere,U.S. Bancorp
"",ASML,"Employees: 14,479",CEO: Mr. Toshiki Kawai,Tokyo Electron Ltd
Founded: Montreal Bank 23 June 1817,JPMorgan,"Employees: 43,863",CEO: Mr. William Darryl White,Bank of Montreal
"",LVMH,"Employees: 42,811",CEO: Mr. FranÃ§ois-Henri Pinault,Kering SA
"",China National Nuclear Power Co. Ltd,"Employees: 3,985","",China Yangtze Power Co. Ltd
"Founded: Beijing, China 25 February 2000",Aramco,"Employees: 384,065","",China Petroleum & Chemical Corporation
Founded: 1945,NextEra Energy,"Employees: 27,027",CEO: Mr. Thomas A. Fanning,The Southern Company
Founded: 1980,ASML,"Employees: 16,300",CEO: Mr. Timothy M. Archer,Lam Research Corporation
"Founded: April 10, 1845",JPMorgan,"Employees: 57,668",CEO: Mr. William S. Demchak,"The PNC Financial Services Group, Inc."
"Founded: East Rutherford, New Jersey 1897",EssilorLuxottica SA,"Employees: 75,000",CEO: Mr. Thomas E. Polen Jr.,"Becton, Dickinson and Company"
"Founded: June 22, 1987",Johnson & Johnson,"Employees: 14,400",CEO: Mr. Daniel P. O'Day,"Gilead Sciences, Inc."
Founded: 1988,Novo Nordisk,"Employees: 10,368","CEO: Dr. Leonard S. Schleifer M.D., Ph.D.","Regeneron Pharmaceuticals, Inc."
Founded: 1872,JPMorgan,"Employees: 50,283",CEO: Mr. William Henry Rogers Jr.,Truist Financial Corporation
"",ConocoPhillips,"Employees: 9,735","",Canadian Natural Resources Limited
"Founded: May 11, 2000",S&P Global Inc.,"Employees: 8,858",CEO: Mr. Jeffrey C. Sprecher,"Intercontinental Exchange, Inc."
Founded: 1987,"Industria de Diseño Textil, SA","Employees: 270,000",CEO: Mr. Ernie L. Herrman,"The TJX Companies, Inc."
Founded: 2002,Salesforce,"Employees: 7,388",CEO: Mr. Michael Cannon-Brookes,Atlassian Corporation Plc
"",Allianz SE,"Employees: 55,000",CEO: Mr. Mario Greco,Zurich Insurance Group AG
Founded: 1958,Abbott,"Employees: 15,700",CEO: Mr. Michael A. Mussallem,Edwards Lifesciences Corporation
Founded: 1982,"Marsh & McLennan Companies, Inc.","Employees: 50,000",CEO: Mr. Gregory Clarence Case,Aon Plc
Founded: 1994,Raytheon Technologies,"Employees: 88,000",CEO: Ms. Kathy J. Warden,Northrop Grumman Corporation
"",Verizon,"Employees: 47,320","",KDDI Corp
"Founded: July 23, 1980 in Norfolk, Virginia, United States",Union Pacific,"Employees: 18,100",CEO: Mr. James A. Squires,Norfolk Southern Corporation
Founded: 1912,Southern Copper Corporation,"Employees: 24,700",CEO: Mr. Richard C. Adkerson,Freeport-McMoRan Inc.
"",Walmart,"Employees: 231,259",CEO: Mr. Guilherme De Souza Macedo Loureiro,Wal-Mart de Mexico SAB de CV
"",JPMorgan,"Employees: 25,370","",PT Bank Central Asia Tbk
Founded: 1999,ConocoPhillips,"Employees: 2,800",CEO: Mr. Ezra Y. Yacob,"EOG Resources, Inc."
"",Thermo Fisher Scientific,"Employees: 66,800",CEO: Dr. Bernhard Montag,Siemens Healthineers AG
Founded: 1917,BHP,"Employees: 106,000","CEO: Mr. Mark Cutifani B.E., BEng (Mining), Fellow AusIMM, CEngFIMMM, DBA",Anglo American plc
Founded: September 2010,Novo Nordisk,"Employees: 2,700",CEO: Mr. Stephane Bancel,"Moderna, Inc."
"Founded: February 7, 1899",Raytheon Technologies,"Employees: 103,100",CEO: Ms. Phebe N. Novakovic,General Dynamics Corporation
"",Allianz SE,"Employees: 106,128",CEO: Dr. Thomas Buberl,AXA SA
"Founded: Virginia, U.S. 1983",Enel SpA,"Employees: 17,100",CEO: Mr. Robert M. Blue,"Dominion Energy, Inc."
"","Dominion Energy, Inc.","Employees: 66,279",CEO: Mr. Francesco Starace,Enel SpA
"",JPMorgan,"Employees: 190,000",CEO: Mr. Jean-Laurent Bonnafe,BNP Paribas SA
Founded: 1986,Verizon,"Employees: 181,205",CEO: Mr. Daniel Hajj Aboumrad,"América Móvil, S.A.B. de C.V."
Founded: 1972,Prologis,"Employees: 5,800",CEO: Mr. Joseph D. Russell Jr.,Public Storage
Founded: 29 June 1998,JPMorgan,"Employees: 71,385",CEO: Mr. Ralph A. J. G. Hamers,UBS Group AG
"",JPMorgan,"Employees: 287,866",CEO: Mr. Herman Oskarovich Gref,Sberbank
Founded: 1984,Accenture,"Employees: 44,000",CEO: Mr. Frank J. Bisignano,"Fiserv, Inc."
"","Dominion Energy, Inc.","Employees: 38,702",CEO: Mr. Jose Ignacio Sanchez Galan,"Iberdrola, SA"
"","Automatic Data Processing, Inc.","Employees: 46,800",CEO: Mr. Hisayuki Idekoba,Recruit Holdings Co Ltd
"",Johnson & Johnson,"Employees: 95,950",CEO: Mr. Werner Baumann,Bayer AG
"Founded: Cleveland, Ohio, U.S. 1866",Linde,"Employees: 61,000",CEO: Mr. John G. Morikis,The Sherwin-Williams Company
Founded: 1989,Novo Nordisk,"Employees: 3,900","CEO: Dr. Reshma Kewalramani FASN, M.D.",Vertex Pharmaceuticals Incorporated
Founded: 1912,Honeywell,"Employees: 45,000",CEO: Mr. E. Scott Santi,Illinois Tool Works Inc.
"Founded: March 10, 1937",Chubb Limited,"Employees: 49,077",CEO: Ms. Susan Patricia Griffith,The Progressive Corporation
"",JPMorgan,"Employees: 40,143","CEO: Mr. Peter Francis King F.C.A., BEc, FCA",Westpac Banking Corporation
Founded: 1988,CATL,"Employees: 104,400","",ABB Ltd
"Founded: January 1, 1968","Republic Services, Inc.","Employees: 48,500",CEO: Mr. James C. Fish Jr.,"Waste Management, Inc."
"",JPMorgan,"Employees: 59,630","",Industrial Bank Co. Ltd
"",JPMorgan,"Employees: 33,000",CEO: Mr. Piyush Gupta,DBS Group Holdings Ltd
Founded: 5 January 1994,JPMorgan,"Employees: 98,750",CEO: Mr. Sandeep Bakhshi B.E.,ICICI Bank Limited
Founded: 1998,American Tower,"Employees: 10,944",CEO: Mr. Charles J. Meyers,"Equinix, Inc. (REIT)"
Founded: 1921,Zijin Mining Group Co Ltd,"Employees: 14,400",CEO: Mr. Thomas Ronald Palmer,Newmont Corporation
"Founded: June 16, 1903",Tesla,"Employees: 183,000",CEO: Mr. James D. Farley Jr.,Ford Motor Company
Founded: 1806,Procter & Gamble,"Employees: 33,800",CEO: Mr. Noel R. Wallace,Colgate-Palmolive Company
"Founded: October 20, 2000","Dominion Energy, Inc.","Employees: 31,518",CEO: Mr. Christopher Mark Crane,Exelon Corporation
"Founded: July 23, 2012",Salesforce,"Employees: 2,495",CEO: Mr. Frank Slootman,Snowflake Inc.
"",ANTA Sports Products Ltd,"Employees: 8,782",CEO: Mr. Toshio Kagami,Oriental Land Co. Ltd
"",Nvidia,"Employees: 29,047","","SK hynix, Inc."
"",Hapag-Lloyd AG,"Employees: 95,000",CEO: Mr. Soren Skou,AP Moller - Maersk A-S
"",Saudi Basic Industries Corp,"Employees: 24,629","",Shin-Etsu Chemical Co Ltd
"Founded: May 5, 1971",UPS,"Employees: 384,000",CEO: Mr. Frederick W. Smith,FedEx Corporation
Founded: 1979,Abbott,"Employees: 41,000",CEO: Mr. Michael F. Mahoney,Boston Scientific Corporation
"","Dominion Energy, Inc.","Employees: 4,800",CEO: Mr. William J. Fehrman,PacifiCorp
"",Salesforce,"Employees: 20,496",CEO: Mr. Bernard S. Charles,Dassault Systèmes SE
"Founded: March 24, 1868",Ping An Insurance,"Employees: 49,000",CEO: Mr. Michel Abbas Khalaf,"MetLife, Inc."
"Founded: September 16, 1908",Tesla,"Employees: 157,000",CEO: Ms. Mary T. Barra,General Motors Company
"",Nintendo Co Ltd,"Employees: 29,800",CEO: Mr. Xiaodong Li,Sea Limited
Founded: March 2009,Salesforce,"Employees: 29,300",CEO: Mr. Dara Khosrowshahi,"Uber Technologies, Inc."
Founded: 1909 ,S&P Global Inc.,"Employees: 13,460",CEO: Mr. Robert Scott Fauber,Moody's Corporation
"",Sea Limited,"Employees: 6,574","",Nintendo Co Ltd
Founded: 1997,ConocoPhillips,"Employees: 1,932",CEO: Mr. Scott Douglas Sheffield,Pioneer Natural Resources Company
Founded: 1911,Honeywell,"Employees: 85,947",CEO: Mr. Craig Arnold,Eaton Corporation plc
"Founded: Cambridge, Massachusetts, United States 1965",Nvidia,"Employees: 24,700",CEO: Mr. Vincent T. Roche,"Analog Devices, Inc."
Founded: 1968,Accenture,"Employees: 65,000",CEO: Mr. Gary Adam Norcross,"Fidelity National Information Services, Inc."
Founded: 15 May 1857,JPMorgan,"Employees: 177,033",CEO: Mr. Jose Antonio Alvarez Alvarez,"Banco Santander, SA"
"",AP Moller - Maersk A-S,"Employees: 14,106",CEO: Mr. Rolf Habben Jansen,Hapag-Lloyd AG
"",Microsoft,"Employees: 2,180",CEO: Mr. Pieter Willem van der Does,Adyen N.V.
"",Honeywell,"Employees: 42,862",CEO: Mr. Mats RahmstrÃ¶m,Atlas Copco AB
Founded: August 1999,ConocoPhillips,"Employees: 18,151",CEO: Mr. Keqiang Xu,CNOOC Limited
"","Corteva, Inc.","Employees: 23,500",CEO: Mr. Kenneth A. Seitz,Nutrien Ltd.
"Founded: February 14, 2009",Microsoft,"Employees: 8,521",CEO: Mr. Jack Dorsey,"Block, Inc."
"",UPS,"Employees: 548,042",CEO: Dr. Frank Appel,Deutsche Post AG
Founded: June 1997,Alphabet,"Employees: 18,129",CEO: Mr. Lei Ding,"NetEase, Inc."
"",S&P Global Inc.,"Employees: 2,146",CEO: Mr. Alejandro Nicolas Aguzin,Hong Kong Exchanges & Clearing Ltd
"Founded: July 21, 1994",Visa,"Employees: 50,767",CEO: Mr. Richard D. Fairbank,Capital One Financial Corporation
Founded: 1890,Honeywell,"Employees: 86,700",CEO: Mr. Surendralal Lanca Karsanbhai,Emerson Electric Co.
Founded: 2005,Microsoft,"Employees: 11,527",CEO: Mr. Nikesh Arora C.F.A.,"Palo Alto Networks, Inc."
Founded: 1 October 1970,JPMorgan,"Employees: 39,684","CEO: Mr. Shayne Cary Elliott B.Com, B.Com.",Australia and New Zealand Banking Group Limited
Founded: 1814,Procter & Gamble,"Employees: 43,000","",Reckitt Benckiser Group plc
"",Coca-Cola,"Employees: 20,773","",Nongfu Spring Co. Ltd
"",Verizon,"","",Saudi Telecom Company
Founded: 1952,Freeport-McMoRan Inc.,"Employees: 14,700",CEO: Mr. Oscar Gonzalez Rocha,Southern Copper Corporation
"",Abbott,"Employees: 11,833","",Shenzhen Mindray Bio-Medical Electronics Co. Ltd
"",Johnson Controls International plc,"Employees: 218,569",CEO: Mr. Xavier M. P. Huillard,Vinci SA
Founded: March 2005,Salesforce,"Employees: 15,200",CEO: Mr. Aneel Bhusri,"Workday, Inc."
Founded: 1993,Wolters Kluwer N.V.,"Employees: 33,500",CEO: Mr. Erik Engstrom,RELX plc
Founded: 1995,Nvidia,"Employees: 6,695",CEO: Mr. Matthew J. Murphy,Marvell Technology Group Ltd.
Founded: 1940,Saudi Basic Industries Corp,"Employees: 20,000",CEO: Mr. Seifollah Ghasemi,"Air Products and Chemicals, Inc."
"",Kweichow Moutai,"Employees: 18,500",CEO: Mr. Alexandre Ricard,Pernod Ricard SA
Founded: 1926,Baker Hughes Company,"Employees: 92,000",CEO: Mr. Olivier Le Peuch,Schlumberger Limited
"",Nvidia,"Employees: 6,695",CEO: Mr. Matthew J. Murphy,"Marvell Technology, Inc."
"",JPMorgan,"Employees: 99,600",CEO: Mr. Milton Maluhy Filho,Itaú Unibanco Holding SA
Founded: 1968,Enbridge Inc.,"Employees: 7,000",CEO: Mr. A. James Teague,Enterprise Products Partners L.P.
"",The Kraft Heinz Company,"Employees: 6,058","",Foshan Haitian Flavouring and Food Company Ltd
"",Jardine Strategic Holdings Limited,"",CEO: Mr. Takehiko Kakiuchi,Mitsubishi Corp
"Founded: June 1, 1961",JPMorgan,"Employees: 46,030",CEO: Mr. Victor G. Dodig,Canadian Imperial Bank of Commerce
"Founded: March 5, 1927",Hilton Worldwide Holdings Inc.,"Employees: 120,000",CEO: Mr. Anthony G. Capuano Jr.,"Marriott International, Inc."
"",Amazon,"Employees: 7,986",CEO: Mr. Lei Chen,Pinduoduo
Founded: 1959,Thomson Reuters Corporation,"Employees: 16,000","",IHS Markit Ltd.
"",JPMorgan,"Employees: 16,113",CEO: Mr. Saeed Bin Mohammed A. Al-Ghamdi,The Saudi National Bank
"",Enbridge Inc.,"Employees: 7,017",CEO: Mr. Francois Lionel Poirier,TC Energy Corporation
"Founded: August 18, 1961",UnitedHealth Group,"Employees: 95,500",CEO: Mr. Bruce Dale Broussard,Humana Inc.
Founded: 1997,ASML,"Employees: 11,300",CEO: Mr. Richard P. Wallace,KLA Corporation
"",JPMorgan,"Employees: 90,238","",Bank of Communications Co. Ltd
"",Tesla,"Employees: 118,909",CEO: Mr. Oliver Zipse,Bayerische Motoren Werke AG
Founded: 1969,Morgan Stanley,"Employees: 17,209","CEO: Ms. Shemara R. Wikramanayake B.Com., L.L.B., LLB, BCom (UNSW)",Macquarie Group Limited
Founded: 1990,"Dominion Energy, Inc.","Employees: 23,683","",National Grid plc
"",Carrier Global Corporation,"Employees: 84,870",CEO: Mr. Masanori Togawa,"Daikin Industries,Ltd."
"",Johnson & Johnson,"Employees: 7,664",CEO: Dr. Osamu Okuda,Chugai Pharmaceutical Co. Ltd
Founded: 1981,Coca-Cola,"Employees: 27,500",CEO: Mr. Robert J. Gamgort,Keurig Dr Pepper Inc.
"","Automatic Data Processing, Inc.","","",Ergo Science Corp
"",Verizon,"Employees: 58,786",CEO: Mr. Masayoshi Son,SoftBank Group Corp.
"",Anheuser-Busch InBev SA/NV,"Employees: 81,070",CEO: Mr. Rudolf Gijsbert Servaas van den Brink,Heineken N.V.
"",Anheuser-Busch InBev SA/NV,"Employees: 53,000",CEO: Mr. Jean Jereissati Neto,Ambev SA
Founded: 16 February 1881,Union Pacific,"Employees: 11,834",CEO: Mr. Keith E. Creel,Canadian Pacific Railway Limited
"Founded: November 9, 2009",Valero Energy Corporation,"Employees: 17,700",CEO: Mr. Michael J. Hennigan,Marathon Petroleum Corporation
"Founded: December 19, 1919",Allianz SE,"Employees: 36,600",CEO: Mr. Peter Salvatore Zaffino,"American International Group, Inc."
Founded: October 1939,Walmart,"Employees: 163,000",CEO: Mr. Todd J. Vasos,Dollar General Corporation
Founded: 2000,Microsoft,"Employees: 10,195",CEO: Mr. Ken Xie,"Fortinet, Inc."
"Founded: September 16, 2011",Alphabet,"Employees: 5,661",CEO: Mr. Evan Spiegel,Snap Inc.
Founded: 13 September 1939,Tesla,"Employees: 4,609",CEO: Mr. Benedetto Vigna,Ferrari N.V.
"",Thermo Fisher Scientific,"Employees: 16,218","",Lonza Group Ltd
Founded: 23 June 2007,S&P Global Inc.,"Employees: 24,158",CEO: Mr. David A. Schwimmer,London Stock Exchange Group plc
"",IHS Markit Ltd.,"Employees: 24,400","CEO: Mr. Stephen John Hasker B.Com., M.B.A.",Thomson Reuters Corporation
"",Saudi Basic Industries Corp,"Employees: 108,718",CEO: Dr. Martin Brudermuller,BASF SE
Founded: 1998,"Dominion Energy, Inc.","Employees: 15,390",CEO: Mr. Jeffrey Walker Martin,Sempra Energy
Founded: June 1909,ConocoPhillips,"Employees: 11,678",CEO: Ms. Vicki A. Hollub,Occidental Petroleum Corporation
"",JPMorgan,"",CEO: Mr. Ronald L. Zimmerly Jr.,"Liberty Bancshares, Inc. (OH)"
"","Industria de Diseño Textil, SA","Employees: 55,589",CEO: Mr. Tadashi Yanai,Fast Retailing Co. Ltd
Founded: Established in 2006,Nvidia,"Employees: 31,000",CEO: Mr. Kurt Sievers,NXP Semiconductors N.V.
Founded: 1984,Nvidia,"Employees: 4,890",CEO: Mr. Victor Peng,"Xilinx, Inc."
"",Jardine Strategic Holdings Limited,"Employees: 125,944",CEO: Mr. Masahiro Okafuji,ITOCHU Corp
Founded: 10 February 1953,Aramco,"Employees: 31,495",CEO: Mr. Claudio Descalzi,Eni S.p.A.
"",Tesla,"Employees: 281,595",CEO: Mr. Carlos Tavares,Stellantis N.V.
Founded: 1983,Verizon,"Employees: 49,781",CEO: Mr. Mirko Bibic,BCE Inc.
"",Aptiv PLC,"Employees: 168,391",CEO: Mr. Koji Arima,DENSO Corp
"Founded: August 28, 1937",Tesla,"Employees: 371,365",CEO: Mr. Akio Toyoda,Toyota
"Founded: June 29, 2019",Raytheon Technologies,"Employees: 47,000","CEO: Mr. Christopher E. Kubasik CPA, CPA","L3Harris Technologies, Inc."
"",Visa,"","","AgriBank, FCB"
"",Chubb Limited,"","",General Accident plc
"Founded: Minneapolis, Minnesota, U.S.1902","Tyson Foods, Inc.","Employees: 39,218",CEO: Mr. Juan Ricardo Luciano,Archer-Daniels-Midland Company
Founded: 1906,NextEra Energy,"Employees: 16,688",CEO: Mr. Nicholas K. Akins,"American Electric Power Company, Inc."
Founded: 2003,BHP,"Employees: 10,232",CEO: Ms. Elizabeth Anne Gaines CA,Fortescue Metals Group Limited
"",Amphenol Corporation,"","",Hon Hai Precision Industry Co. Ltd
"",Booking Holdings Inc.,"Employees: 14,217","",China Tourism Group Duty Free Corp Ltd
Founded: 1923 ,Linde,"Employees: 47,000",CEO: Mr. Christophe Beck,Ecolab Inc.
"",ConocoPhillips,"",CEO: Mr. Leonid Viktorovich Mikhelson,Novatek PJSC
"Founded: 1986 in Research Triangle Park, North Carolina.",Microsoft,"Employees: 16,361",CEO: Dr. Aart J. de Geus,"Synopsys, Inc."
"",Raytheon Technologies,"Employees: 77,008",CEO: Mr. Olivier Andries,Safran SA
Founded: 1998,Thermo Fisher Scientific,"Employees: 9,800",CEO: Mr. Francis A. deSouza,"Illumina, Inc."
"Founded: August 2, 1999",Amazon,"Employees: 29,957",CEO: Mr. Marcos Eduardo GalperÃ­n,"MercadoLibre, Inc."
Founded: 1890,Honeywell,"Employees: 19,300",CEO: Mr. Laurence Neil Hunn,"Roper Technologies, Inc."
"Founded: July 2, 2015",Foshan Haitian Flavouring and Food Company Ltd,"Employees: 36,000",CEO: Mr. Miguel Patricio,The Kraft Heinz Company
Founded: 1984,UnitedHealth Group,"Employees: 72,500",CEO: Ms. Sarah M. London,Centene Corporation
Founded: 1971,"Automatic Data Processing, Inc.","Employees: 15,000",CEO: Mr. Martin Mucci,"Paychex, Inc."
"Founded: Hamamatsu, Japan October 1946, incorporated 24 September 1948",Tesla,"Employees: 211,374",CEO: Mr. Toshihiro Mibe,"Honda Motor Co., Ltd."
"",Jardine Strategic Holdings Limited,"Employees: 350,864",CEO: Mr. Toshiaki Higashihara,Hitachi Ltd
Founded: 2014,"Simon Property Group, Inc.","Employees: 2,780",CEO: Mr. Peter Kenneth Allen,Scentre Group
"",Nvidia,"",CEO: Dr. Lih Shyng Tsai Ph.D.,"MediaTek, Inc."
Founded: 1998,"Industria de Diseño Textil, SA","Employees: 25,000",CEO: Mr. Calvin R. McDonald,Lululemon Athletica Inc.
"Founded: April 1, 2019",Saudi Basic Industries Corp,"Employees: 35,700",CEO: Mr. James R. Fitterling,Dow Inc.
"",Aramco,"",CEO: Mr. Igor Ivanovich Sechin,Rosneft Oil Co PJSC
"Founded: New York City, United States1833",AmerisourceBergen Corporation,"Employees: 59,000",CEO: Mr. Brian S. Tyler Ph.D.,McKesson Corporation
"Founded: Montreal, Quebec, Canada in 1919",Aramco,"Employees: 16,922",CEO: Mr. Mark S. Little,Suncor Energy Inc.
"Founded: February 10, 1998",Microsoft,"Employees: 34,000",CEO: Mr. Rangarajan Raghuram,"VMware, Inc."
Founded: 1885,Vinci SA,"Employees: 101,000",CEO: Mr. George R. Oliver,Johnson Controls International plc
"Founded: December 2, 1957","AutoZone, Inc.","Employees: 82,852",CEO: Mr. Gregory D. Johnson,"O'Reilly Automotive, Inc."
"",BHP,"Employees: 29,707","",Grupo Mexico SAB de CV
Founded: 2011,Microsoft,"Employees: 4,965",CEO: Mr. George R. Kurtz,"CrowdStrike Holdings, Inc."
"",Alphabet,"Employees: 28,445",CEO: Mr. Bob van Dijk,Naspers Ltd
"Founded: January 30, 1982",Salesforce,"Employees: 12,600",CEO: Dr. Andrew Anagnost,"Autodesk, Inc."
Founded: 1875,Ping An Insurance,"Employees: 40,916",CEO: Mr. Charles Frederick Lowrey Jr.,"Prudential Financial, Inc."
"",Honeywell,"",CEO: Igor Y. Zhilkin,Open Joint Stock Company OMZ
Founded: 26 January 1994,Accenture,"Employees: 330,600",CEO: Mr. Brian Humphries,Cognizant Technology Solutions Corporation
"",ArcelorMittal,"Employees: 28,800",CEO: Mr. Leon J. Topalian,Nucor Corporation
Founded: 1999,Thermo Fisher Scientific,"Employees: 6,300",CEO: Mr. Kevin Ronald Sayer,"DexCom, Inc."
"Founded: March 10, 1943",JPMorgan,"Employees: 85,264","CEO: Mr. Octavio de Lazari Jr., Junior",Banco Bradesco SA
"",Honeywell,Employees: 758,CEO: Mr. Jun Seki,Nidec Corp
"",Nike,"Employees: 53,870",CEO: Mr. Kasper Bo Rorsted,adidas AG
"",Linde,"Employees: 26,272","",Sika AG
"Founded: January 1, 2000",Alphabet,"Employees: 45,500",CEO: Mr. Yanhong Li,"Baidu, Inc."
"Founded: Doshomachi, Osaka, Japan June 12, 1781",MERCK Kommanditgesellschaft auf Aktien,"Employees: 47,099",CEO: Mr. Christophe Weber,Takeda Pharmaceutical Company Limited
"Founded: February 8, 1894","Mondelez International, Inc.","Employees: 16,620",CEO: Ms. Michele Gross Buck,The Hershey Company
Founded: 1932,Hon Hai Precision Industry Co. Ltd,"Employees: 90,000",CEO: Mr. Richard Adam Norwitt,Amphenol Corporation
"","D.R. Horton, Inc.","",CEO: Ms. Su Hua Tian,Vanjia Corp
Founded: 16 September 1991,Verizon,"Employees: 105,000",CEO: Mr. Nicholas Jonathan Read,Vodafone Group plc
Founded: 1983,Thermo Fisher Scientific,"Employees: 10,350",CEO: Mr. Jonathan J. Mazelsky,"IDEXX Laboratories, Inc."
Founded: 1853,Chubb Limited,"Employees: 30,184",CEO: Mr. Alan David Schnitzer,"The Travelers Companies, Inc."
"",Nvidia,"Employees: 50,280",CEO: Dr. Reinhard Ploss,Infineon Technologies AG
Founded: 1945,Kweichow Moutai,"Employees: 9,300",CEO: Mr. William A. Newlands,"Constellation Brands, Inc."
Founded: 2010,Salesforce,"Employees: 3,200",CEO: Mr. Olivier Pomel,"Datadog, Inc."
"",ConocoPhillips,"Employees: 44,509",CEO: Mr. Kenichi Hori,Mitsui & Co. Ltd
"",BHP,"",CEO: Mr. Robert G. Wilt,Saudi Arabian Mining Company
"",Aramco,"Employees: 101,374",CEO: Mr. Vagit Yusufovich Alekperov,PJSC Lukoil
"",JPMorgan,"Employees: 78,000",CEO: Mr. Carlo Messina,Intesa Sanpaolo S.p.A.
Founded: 2007,Hon Hai Precision Industry Co. Ltd,"Employees: 85,000",CEO: Mr. Terrence R. Curtin CPA,TE Connectivity Ltd.
"Founded: July 4, 1979","O'Reilly Automotive, Inc.","Employees: 65,100",CEO: Mr. William C. Rhodes III,"AutoZone, Inc."
Founded: 1982,Thermo Fisher Scientific,"Employees: 79,000",CEO: Mr. Ari Bousbib,IQVIA Holdings Inc.
Founded: 1929,Global Payments Inc.,"Employees: 40,000",CEO: Mr. Todd M. Schneider,Cintas Corporation
Founded: 1988,Salesforce,"Employees: 9,300",CEO: Dr. Anirudh Devgan Ph.D.,"Cadence Design Systems, Inc."
"Founded: July 13, 1993",McDonald's,"Employees: 97,660",CEO: Mr. Brian R. Niccol,"Chipotle Mexican Grill, Inc."
"Founded: June 6, 1996",JPMorgan,"Employees: 86,800",CEO: Mr. Jun Ohta,"Sumitomo Mitsui Financial Group, Inc."
"",Novo Nordisk,"Employees: 3,247",CEO: Mr. John Chongbo Rim,"Samsung Biologics Co.,Ltd."
Founded: 29 December 1945,Accenture,"Employees: 220,000",CEO: Mr. Thierry Delaporte,Wipro Limited
"",Newmont Corporation,"Employees: 43,876","",Zijin Mining Group Co Ltd
"Founded: January 1, 1939",Dell Technologies Inc.,"Employees: 51,000",CEO: Mr. Enrique J. Lores,HP Inc.
"",JPMorgan,"Employees: 57,955","",Lloyds Banking Group plc
Founded: 1993,Scentre Group,"Employees: 2,400",CEO: Mr. David E. Simon,"Simon Property Group, Inc."
"Founded: November 17, 1955",Ping An Insurance,"Employees: 12,447",CEO: Mr. Daniel Paul Amos,Aflac Incorporated
Founded: 1983,Newmont Corporation,"Employees: 18,421",CEO: Dr. Dennis Mark Bristow,Barrick Gold Corporation
"",Hon Hai Precision Industry Co. Ltd,"Employees: 77,398","",Murata Manufacturing Co. Ltd
Founded: 1997,Enbridge Inc.,"Employees: 10,529",CEO: Mr. Steven J. Kean,"Kinder Morgan, Inc."
Founded: 1872,Procter & Gamble,"Employees: 45,000",CEO: Mr. Michael D. Hsu,Kimberly-Clark Corporation
"",Apple,"Employees: 33,427",CEO: Mr. Jun Lei,Xiaomi Corp
Founded: 1914,Home Depot,"Employees: 122,000",CEO: Mr. Robert G. Scott,Wesfarmers Limited
"Founded: July 2, 1998","Waste Management, Inc.","Employees: 35,000",CEO: Mr. Jon Vander Ark,"Republic Services, Inc."
"",EssilorLuxottica SA,"Employees: 37,245",CEO: Mr. Eiichiro Ikeda,HOYA Corp
"",Foshan Haitian Flavouring and Food Company Ltd,"Employees: 34,389","",Yihai Kerry Arawana Holdings Co. Ltd
Founded: 1935,Coca-Cola,"Employees: 3,458",CEO: Mr. Rodney Cyril Sacks,Monster Beverage Corporation
"",ASML,"Employees: 46,631","",LONGi Green Energy Technology Co. Ltd
Founded: 2019,Nutrien Ltd.,"Employees: 21,000","CEO: Mr. Charles Victor Magro B.Sc. (Chem), MBA","Corteva, Inc."
"Founded: June 20, 1866",Foshan Haitian Flavouring and Food Company Ltd,"Employees: 35,000",CEO: Mr. Jeffrey L. Harmening,"General Mills, Inc."
"",The Kroger Co.,"Employees: 58,975","",Seven & i Holdings Co. Ltd
"",UPS,"Employees: 77,958",CEO: Mr. Jens Bjorn Andersen,DSV PANALPINA A-S
"Founded: May 31, 1919","Marriott International, Inc.","Employees: 142,000",CEO: Mr. Christopher J. Nassetta,Hilton Worldwide Holdings Inc.
"",Thermo Fisher Scientific,"Employees: 34,912",CEO: Dr. Ge Li Ph.D.,WuXi AppTec
"Founded: March 19, 1969","Jerónimo Martins, SGPS, SA","Employees: 58,000",CEO: Mr. Kevin P. Hourican,Sysco Corporation
Founded: 1883,Seven & i Holdings Co. Ltd,"Employees: 500,000",CEO: Mr. William Rodney McMullen,The Kroger Co.
"Founded: June 23, 1887",Ping An Insurance,"Employees: 38,000",CEO: Mr. Rocco Gori,Manulife Financial Corporation
Founded: 2008,Novo Nordisk,"Employees: 2,800",CEO: Prof. Ugur Sahin M.D.,BioNTech SE
"",Nvidia,"Employees: 48,254",CEO: Mr. Jean-Marc Chery,STMicroelectronics N.V.
Founded: 1971,ConocoPhillips,"Employees: 1,600",CEO: Mr. Richard E. Muncrief,Devon Energy Corporation
Founded: 1908,Enbridge Inc.,"Employees: 4,783",CEO: Mr. Alan S. Armstrong,"The Williams Companies, Inc."
"Founded: April 17, 1931",Chubb Limited,"Employees: 54,300",CEO: Mr. Thomas Joseph Wilson II,The Allstate Corporation
"",JPMorgan,"Employees: 9,396","",Hang Seng Bank Limited
"Founded: January 1, 1980",Marathon Petroleum Corporation,"Employees: 9,794",CEO: Mr. Joseph W. Gorder,Valero Energy Corporation
"",JPMorgan,"Employees: 57,000",CEO: Mr. Steven J. A. van Rijswijk,ING Groep N.V.
"",BHP,"","",MMC Norilsk Nickel PJSC
"Founded: January 4, 2011",Cisco,"Employees: 18,700",CEO: Mr. Gregory Q. Brown,"Motorola Solutions, Inc."
"",Alphabet,"Employees: 5,696","","East Money Information Co.,Ltd."
"Founded: July 1, 2007",BlackRock,"Employees: 49,100",CEO: Mr. Thomas P. Gibbons,The Bank of New York Mellon Corporation
"Founded: June 26, 1915","Daikin Industries,Ltd.","Employees: 58,000",CEO: Mr. David L. Gitlin,Carrier Global Corporation
"",JPMorgan,"Employees: 29,622","",Oversea-Chinese Banking Corp Ltd
Founded: 2004,"Alexandria Real Estate Equities, Inc.","Employees: 3,030",CEO: Mr. Arthur William Stein,"Digital Realty Trust, Inc."
"Founded: December 31, 2014",Raia Drogasil SA,"Employees: 202,000",CEO: Ms. Rosalind Gates Brewer,"Walgreens Boots Alliance, Inc."
Founded: 1999,Thermo Fisher Scientific,"Employees: 17,200",CEO: Mr. Michael R. McMullen,"Agilent Technologies, Inc."
Founded: 2000,Cintas Corporation,"Employees: 25,000",CEO: Mr. Jeffrey S. Sloan J.D.,Global Payments Inc.
"",Morgan Stanley,"Employees: 11,380","",CITIC Securities Company Ltd
Founded: 1931,EssilorLuxottica SA,"Employees: 60,000",CEO: Mr. Jose E. Almeida,Baxter International Inc.
"",JPMorgan,"Employees: 14,462",CEO: Mr. Yu Sun,BOC Hong Kong Holdings Ltd
Founded: 1968,S&P Global Inc.,"Employees: 4,303",CEO: Mr. Henry A. Fernandez,MSCI Inc.
Founded: 1970,"Ventas, Inc.",Employees: 464,CEO: Mr. Shankh S. Mitra,Welltower Inc.
Founded: 1909,NextEra Energy,"Employees: 11,321",CEO: Mr. Robert C. Frenzel,Xcel Energy Inc.
"",JPMorgan,"Employees: 24,346","CEO: Mr. Ee Cheong Wee B.Sc., M.A.",United Overseas Bank Ltd
"",Saudi Basic Industries Corp,"Employees: 19,692","",Wanhua Chemical Group Co. Ltd
"Founded: September 1, 2017",Saudi Basic Industries Corp,"Employees: 28,000",CEO: Mr. Edward D. Breen,"DuPont de Nemours, Inc."
"",BlackRock,"Employees: 1,059",CEO: Mr. Christian Sinding,EQT AB
Founded: 1980,Seven & i Holdings Co. Ltd,"Employees: 98,000",CEO: Mr. Brian P. Hannasch,Alimentation Couche-Tard Inc.
"Founded: September 3, 1995",Amazon,"Employees: 10,800",CEO: Mr. Jamie J. Iannone,eBay Inc.
"",Linde,"Employees: 16,842","",Givaudan SA
"",Saudi Basic Industries Corp,"Employees: 6,184",CEO: Ms. Ester Baiget,Novozymes A-S
Founded: 1848,Ping An Insurance,"Employees: 23,000","",Prudential plc
"Founded: 1945, Fort Worth, Texas, United States",EssilorLuxottica SA,"Employees: 24,389",CEO: Mr. David J. Endicott,Alcon Inc.
Founded: 1921,Aramco,"Employees: 18,000","",Ecopetrol SA
Founded: 1907,Schlumberger Limited,"Employees: 54,000",CEO: Mr. Lorenzo Simonelli,Baker Hughes Company
"",JPMorgan,"Employees: 110,432",CEO: Mr. Onur Genc,"Banco Bilbao Vizcaya Argentaria, SA"
"Founded: September 7, 2016",HP Inc.,"Employees: 133,000",CEO: Mr. Michael Saul Dell,Dell Technologies Inc.
"",Sirius XM Holdings Inc.,"Employees: 27,125",CEO: Mr. Yixiao Cheng,Kuaishou Technology
"",John Deere,"Employees: 92,144",CEO: Mr. Martin Lundstedt M.Sc.,AB Volvo
"",JPMorgan,"Employees: 75,975",CEO: Mr. Philippe Brassac,Crédit Agricole SA
Founded: 1986,Walmart,"Employees: 61,886",CEO: Mr. Michael A. Witynski,"Dollar Tree, Inc."
"",American Tower,"Employees: 1,596",CEO: Mr. Jeffrey A. Stoops,SBA Communications Corporation
"",Accenture,"Employees: 324,700",CEO: Mr. Aiman Ezzat,Capgemini SE
"",Johnson & Johnson,"Employees: 16,033","CEO: Mr. Sunao Manabe D.V.M., Ph.D.",Daiichi Sankyo Company Ltd
Founded: 1941,McDonald's,"Employees: 480,000",CEO: Mr. Dominic Blakemore,Compass Group plc
"",EssilorLuxottica SA,"Employees: 10,409",CEO: Dr. Joachim Kreuzburg,Sartorius Stedim Biotech SA
"",JPMorgan,"Employees: 79,398","",PT Bank Rakyat Indonesia (Persero) Tbk
Founded: 1927,Marathon Petroleum Corporation,"Employees: 14,000",CEO: Mr. Greg C. Garland,Phillips 66
"Founded: May 27, 1982",Sea Limited,"Employees: 11,000",CEO: Mr. Andrew Wilson,Electronic Arts Inc.
Founded: 1871,Honeywell,"Employees: 37,000",CEO: Mr. David S. Regnery,Trane Technologies plc
"",Honeywell,"Employees: 20,619","",SMC Corp
"Founded: 1917, Cleveland, Ohio, U.S.",Honeywell,"Employees: 54,640",CEO: Mr. Thomas L. Williams,Parker-Hannifin Corporation
"",Chubb Limited,"Employees: 43,257",CEO: Mr. Satoru Komiya,"Tokio Marine Holdings, Inc."
"",Johnson & Johnson,"Employees: 28,903","",Jiangsu Hengrui Medicine Co. Ltd
"",Union Pacific,Employees: 57,"","Beijing-Shanghai High-Speed Railway Co.,Ltd."
"",Swiss Re AG,"Employees: 39,281",CEO: Dr. Torsten Jeworrek,Munich Re
Founded: January 2013,Alphabet,"Employees: 8,600",CEO: Mr. Tony Xu,"DoorDash, Inc."
"",JPMorgan,"Employees: 61,686","",Shanghai Pudong Development Bank Co. Ltd
Founded: 1995,Salesforce,"Employees: 16,000","",Constellation Software Inc.
"",Foshan Haitian Flavouring and Food Company Ltd,"Employees: 59,159","",Inner Mongolia Yili Industrial Group Co. Ltd
Founded: 1990,Verizon,"Employees: 90,800","CEO: Mr. Darren Entwistle B.A., LL.D., M.B.A.",TELUS Corporation
Founded: 1903,"Dominion Energy, Inc.","Employees: 12,684",CEO: Dr. Ralph Izzo Ph.D.,Public Service Enterprise Group Incorporated
Founded: 1993,Raytheon Technologies,"Employees: 13,300",CEO: Dr. Kevin M. Stein Ph.D.,TransDigm Group Incorporated
"Founded: 1997 in Folsom, California","Waste Management, Inc.","Employees: 19,998",CEO: Mr. Worthing F. Jackman,"Waste Connections, Inc."
Founded: 2007,Linde,"Employees: 19,100",CEO: Mr. Kenneth Todd Lane,LyondellBasell Industries N.V.
"",Foshan Haitian Flavouring and Food Company Ltd,"Employees: 98,105","",Danone SA
Founded: July 2009,Microsoft,"Employees: 2,440",CEO: Mr. Matthew Prince,"Cloudflare, Inc."
Founded: November 2014,Tesla,"Employees: 7,763",CEO: Mr. William Li,NIO Limited
"",Salesforce,"Employees: 3,730",CEO: Mr. Brian Armstrong,"Coinbase Global, Inc."
"",Kweichow Moutai,"Employees: 12,614","","Shanxi Xinghuacun Fen Wine Factory Co.,Ltd."
"",Marathon Petroleum Corporation,"Employees: 4,719",CEO: Mr. Peter Z. E. Vanacker,Neste Oyj
Founded: 1989,EssilorLuxottica SA,"Employees: 7,970","CEO: Mr. Michael J. Farrell BE, MBA, SM",ResMed Inc.
Founded: 1996,IHS Markit Ltd.,"Employees: 20,000",CEO: Mr. Brian J. Cassin,Experian plc
Founded: 1995,EssilorLuxottica SA,"Employees: 9,793",CEO: Dr. Gary S. Guthart Ph.D.,"Intuitive Surgical, Inc."
Founded: 22 September 1924,Seven & i Holdings Co. Ltd,"Employees: 210,067","CEO: Mr. Bradford Leon Banducci BComm (Acc), LLB, MBA",Woolworths Group Limited
Founded: 1988,Enbridge Inc.,"Employees: 1,139",CEO: Mr. Michael J. Hennigan,MPLX LP
Founded: 1 July 1975,Verizon,"Employees: 26,728","CEO: Mr. Andrew Richard Penn M.B.A., AMP, MBA, BEc, FCCA, HFAIPM",Telstra Corporation Limited
"",Keyence,"Employees: 22,097","CEO: Mr. Ola RollÃ©n B.Sc., B.Sc. (Econ.)",Hexagon AB
"",Allianz SE,"Employees: 74,621",CEO: Mr. Philippe Roger Donnet,Generali
Founded: 1978,Equity Residential,"Employees: 2,839",CEO: Mr. Benjamin W. Schall,"AvalonBay Communities, Inc."
Founded: 1880,Aramco,"Employees: 5,400",CEO: Mr. Bradley William Corson BS,Imperial Oil Limited
"Founded: October 6, 1997",McDonald's,"Employees: 36,000",CEO: Mr. David W. Gibbs,"Yum! Brands, Inc."
"",Poly Developments and Holdings Group Co. Ltd,"Employees: 38,500","",Sun Hung Kai Properties Ltd
Founded: 1934,TFI International Inc.,"Employees: 23,663",CEO: Mr. Greg C. Gantt,"Old Dominion Freight Line, Inc."
Founded: 1996,Enbridge Inc.,"Employees: 1,550",CEO: Mr. Jack A. Fusco,"Cheniere Energy, Inc."
Founded: 1823 as the New York Gas Light Company,NextEra Energy,"Employees: 13,871",CEO: Mr. Timothy P. Cawley,"Consolidated Edison, Inc."
"",JPMorgan,"Employees: 57,062","",China CITIC Bank Corp Ltd
"",Anheuser-Busch InBev SA/NV,"Employees: 26,038",CEO: Mr. Jan Eli B. Craps,Budweiser Brewing Company APAC Ltd
"",Nucor Corporation,"Employees: 158,000",CEO: Mr. Aditya Mittal,ArcelorMittal
Founded: 1894,BlackRock,"Employees: 12,000",CEO: Mr. James M. Cracchiolo,"Ameriprise Financial, Inc."
Founded: 1967,Ferguson plc,"Employees: 18,370",CEO: Mr. Daniel L. Florness,Fastenal Company
Founded: 1997,Abbott,"Employees: 22,540",CEO: Mr. Joseph M. Hogan,"Align Technology, Inc."
"","EDP Renováveis, SA","Employees: 2,870",CEO: Dr. Michael Strugl M.B.A.,VERBUND AG
Founded: 2002,Airports of Thailand Public Company Ltd,Employees: 418,"",Sydney Airport Limited
Founded: 1971,IHS Markit Ltd.,"Employees: 9,367",CEO: Mr. Scott G. Stephenson,"Verisk Analytics, Inc."
"",Amazon,"Employees: 22,531",CEO: Mr. Kentaro Kawabe,Z Holdings Corp
Founded: 1927,"Marsh & McLennan Companies, Inc.","Employees: 39,000",CEO: Mr. J. Patrick Gallagher Jr.,Arthur J. Gallagher & Co.
"",Novo Nordisk,"Employees: 3,380","",Chongqing Zhifei Biological Products Co. Ltd
Founded: 1969,"AvalonBay Communities, Inc.","Employees: 2,400",CEO: Mr. Mark J. Parrell,Equity Residential
"Founded: June 15, 1996",Verizon,"Employees: 20,341",CEO: Mr. Chi-Mau Sheih,"Chunghwa Telecom Co., Ltd."
Founded: 1937,BlackRock,"Employees: 7,529","CEO: Mr. Robert W. Sharps C.F.A., CPA, CFA, CPA","T. Rowe Price Group, Inc."
Founded: 1919,Schlumberger Limited,"Employees: 40,000",CEO: Mr. Jeffrey Allen Miller,Halliburton Company
Founded: 1935,Archer-Daniels-Midland Company,"Employees: 137,000",CEO: Mr. Donnie D. King,"Tyson Foods, Inc."
Founded: 1985,Visa,"Employees: 16,700",CEO: Mr. Roger Crosby Hochschild,Discover Financial Services
"",UPS,"Employees: 73,516",CEO: Dr. Detlef A. Trefzger,Kuehne + Nagel International AG
"",Honeywell,"Employees: 8,256",CEO: Mr. Kenji Yamaguchi,FANUC Corp
"",Union Pacific,"Employees: 31,968",CEO: Dr. Chak-pui Kam,MTR Corp Ltd
"",Sun Hung Kai Properties Ltd,"Employees: 61,201","",Poly Developments and Holdings Group Co. Ltd
Founded: 1976,BlackRock,"Employees: 3,238",CEO: Mr. Joseph Y. Bae,KKR & Co. Inc.
Founded: 2001,JPMorgan,"Employees: 54,492",CEO: Mr. Masahiro Kihara,"Mizuho Financial Group, Inc."
"",Aramco,"",CEO: Mr. Auttapol Rerkpiboon,PTT PCL
"",Seven & i Holdings Co. Ltd,"Employees: 144,550",CEO: Mr. Frans W. H. Muller,Koninklijke Ahold Delhaize N.V.
"",Sun Hung Kai Properties Ltd,"Employees: 140,565",CEO: Mr. Jiusheng Zhu MBA,China Vanke Co. Ltd
Founded: 1889 ,Linde,"Employees: 24,000",CEO: Mr. Franklin K. Clyburn Jr.,International Flavors & Fragrances Inc.
"Founded: Stockholm, Sweden 1876",Cisco,"Employees: 100,454","CEO: Mr. E. Borje Ekholm MBA, MSc",Telefonaktiebolaget LM Ericsson
"",Sun Hung Kai Properties Ltd,"Employees: 47,537","",China Resources Land Ltd
"Founded: April 21, 2011",Verizon,"Employees: 6,787",CEO: Mr. Eric S. Yuan,"Zoom Video Communications, Inc."
Founded: 20 September 1853,Honeywell,"Employees: 70,000",CEO: Ms. Judith F. Marks,Otis Worldwide Corporation
"",Allianz SE,"Employees: 22,719","CEO: Mr. Kevin David Strain C.A., CPA",Sun Life Financial Inc.
Founded: 1903,Honeywell,"Employees: 24,500",CEO: Mr. Blake D. Moret,"Rockwell Automation, Inc."
Founded: 1994,DENSO Corp,"Employees: 155,000",CEO: Mr. Kevin P. Clark,Aptiv PLC
Founded: 2009,Aramco,"Employees: 5,938",CEO: Mr. Alexander J. Pourbaix,Cenovus Energy Inc.
"",S&P Global Inc.,"Employees: 8,855",CEO: Dr. Theodor Weimer,Deutsche Börse AG
Founded: 1 January 1988,Verizon,"Employees: 132,002",CEO: Mr. Stephane Richard,Orange SA
"Founded: December 11, 1919",ConocoPhillips,"Employees: 1,545",CEO: Mr. John B. Hess,Hess Corporation
Founded: 25 March 1968,JPMorgan,"Employees: 58,735",CEO: Ms. Alison Marie Rose-Slade B.A.,NatWest Group plc
Founded: 1982,"Industria de Diseño Textil, SA","Employees: 88,100",CEO: Ms. Barbara Rentler,"Ross Stores, Inc."
Founded: 1896,NextEra Energy,"Employees: 6,938",CEO: Mr. Scott J. Lauber,"WEC Energy Group, Inc."
Founded: Merger between AmeriSource Health and Bergen Brunswig in 2001,McKesson Corporation,"Employees: 38,000",CEO: Mr. Steven H. Collis,AmerisourceBergen Corporation
"",Sun Hung Kai Properties Ltd,"Employees: 5,916",CEO: Mr. ZhiChao Zhang,China Overseas Land & Investment Ltd
"",Novo Nordisk,"Employees: 9,864",CEO: Dr. Zhisheng Chen,WuXi Biologics
"",Jardine Strategic Holdings Limited,"Employees: 135,304","",CITIC Ltd
"",Verizon,"Employees: 2,877",CEO: Mr. Tobias Martinez Gimeno,"Cellnex Telecom, SA"
"",Whirlpool Corporation,"Employees: 99,299","",Haier Smart Home Co Ltd
"",Verizon,"Employees: 22,914",CEO: Mr. Kuan Moon Yuen,Singapore Telecommunications Ltd
"",Oriental Land Co. Ltd,"Employees: 52,000",CEO: Mr. Shizhong Ding,ANTA Sports Products Ltd
Founded: 17 November 1690,JPMorgan,"Employees: 81,600",CEO: Mr. Coimbatore Sundararajan Venkatakrishnan,Barclays plc
Founded: 1870,Kweichow Moutai,"Employees: 4,700",CEO: Mr. Lawson E. Whiting,Brown-Forman Corporation
"",Honeywell,"Employees: 36,987",CEO: Mr. Harry Schmelzer Jr.,WEG SA
Founded: 1905,John Deere,"Employees: 28,500",CEO: Mr. R. Preston Feight,PACCAR Inc
"",Tesla,"Employees: 63,174","",Great Wall Motor Co Ltd
"",Sun Hung Kai Properties Ltd,"Employees: 44,065",CEO: Mr. Xuping Chen,Longfor Group Holdings Ltd
"",JPMorgan,"Employees: 12,451","","JAPAN POST BANK Co.,Ltd."
Founded: 1883,Linde,"Employees: 49,300",CEO: Mr. Michael H. McGarry,"PPG Industries, Inc."
Founded: 23 October 1856,Verizon,"Employees: 20,817","",Perusahaan Perseroan (Persero) PT Telekomunikasi Indonesia Tbk
Founded: 1945,Thermo Fisher Scientific,"Employees: 15,600",CEO: Mr. Patrick K. Kaltenbach,Mettler-Toledo International Inc.
Founded: 1906,Enbridge Inc.,"Employees: 2,847",CEO: Mr. Pierce H. Norton II,"ONEOK, Inc."
Founded: 1989,Charter Hall Group,Employees: 941,CEO: Mr. Gregory Leith Goodman,Goodman Group
Founded: 1851,Hon Hai Precision Industry Co. Ltd,"Employees: 61,200",CEO: Mr. Wendell P. Weeks,Corning Incorporated
"",Philip Morris,"Employees: 55,381",CEO: Mr. Masamichi Terabatake,"Japan Tobacco, Inc."
"",Cisco,"Employees: 196,159",CEO: Mr. Hongmeng Cheng,Foxconn Industrial Internet Co. Ltd
Founded: 1966,NextEra Energy,"Employees: 9,227",CEO: Mr. Joseph R. Nolan Jr.,Eversource Energy
"",Verizon,"Employees: 278,922",CEO: Mr. Ruiwen Ke,China Telecom Corp Ltd
"Founded: Cement Limited 1936, Roadstone Limited 1949 & merger to form Cement Roadstone Holdings 1970",Anhui Conch Cement Company Ltd,"Employees: 77,400","",CRH plc
"",JPMorgan,"Employees: 243,612",CEO: Mr. Hiroya Masuda,Japan Post Holdings Co. Ltd
Founded: 1978,Johnson & Johnson,"Employees: 9,610",CEO: Mr. Michel Vounatsos,Biogen Inc.
"",Verizon,"Employees: 18,905",CEO: Mr. Urs Schaeppi lic. oec. HSG,Swisscom AG
"",Linde,"Employees: 21,358",CEO: Mr. Dimitri de Vreeze,Koninklijke DSM N.V.
"",Marathon Petroleum Corporation,"","",Formosa Petrochemical Corp
"",Johnson & Johnson,"Employees: 2,526","",Zhangzhou Pientzehuang Pharmaceutical. Ltd
Founded: 1930,Honeywell,"Employees: 18,500",CEO: Mr. David A. Zapico,"AMETEK, Inc."
"","Dominion Energy, Inc.","Employees: 63,227",CEO: Dr. Leonhard Birnbaum,E.ON SE
"",Ping An Insurance,"Employees: 110,940","",China Pacific Insurance
Founded: 2007,Microsoft,"Employees: 3,153",CEO: Mr. Jagtar Singh Chaudhry,"Zscaler, Inc."
"",CRH plc,"Employees: 47,539","",Anhui Conch Cement Company Ltd
"",Newmont Corporation,Employees: 38,CEO: Mr. Paul Brink,Franco-Nevada Corporation
"","Dominion Energy, Inc.","Employees: 154,364",CEO: Ms. Catherine MacGregor,Engie SA
Founded: 1792,BlackRock,"Employees: 38,784",CEO: Mr. Ronald Philip O'Hanley,State Street Corporation
"",Tesla,"Employees: 204,815","",SAIC Motor Corp Ltd
Founded: 12 May 1865,Cisco,"Employees: 87,927",CEO: Mr. Pekka Ilmari Lundmark,Nokia Corporation
"Founded: March 21, 2006",Alphabet,"Employees: 7,500",CEO: Mr. Parag Agrawal,"Twitter, Inc."
Founded: 2007,Cerner Corporation,"Employees: 4,506",CEO: Mr. Peter P. Gassner,Veeva Systems Inc.
"Founded: Toronto, Ontario, Canada 1956",Seven & i Holdings Co. Ltd,"Employees: 200,000","CEO: Mr. Galen G. Weston B.A., M.B.A, M.B.A.",Loblaw Companies Limited
Founded: 1995,Enbridge Inc.,"Employees: 12,558",CEO: Mr. Marshall S. McCrea III,Energy Transfer LP
"",Procter & Gamble,"Employees: 52,450",CEO: Dr. Carsten Knobel,Henkel AG & Co KGaA
"",Amazon,"Employees: 68,000",CEO: Mr. Bom Suk Kim,"Coupang, Inc."
"",Fastenal Company,"Employees: 31,000",CEO: Mr. Kevin Murphy,Ferguson plc
Founded: 30 November 1999,Raytheon Technologies,"Employees: 89,600","",BAE Systems plc
"Founded: June 17, 1858",JPMorgan,"Employees: 19,112",CEO: Mr. Gregory D. Carmichael,Fifth Third Bancorp
"Founded: August 27, 1906",Vonovia SE,"Employees: 105,000",CEO: Mr. Robert E. Sulentic,"CBRE Group, Inc."
Founded: 1886,Suez SA,"Employees: 6,400",CEO: Ms. M. Susan Hardwick,"American Water Works Company, Inc."
"",Accenture,"Employees: 126,371",CEO: Mr. Takahito Tokita,Fujitsu Ltd
Founded: 1923,EssilorLuxottica SA,"Employees: 10,065",CEO: Mr. Eric M. Green,"West Pharmaceutical Services, Inc."
"","Daikin Industries,Ltd.","Employees: 167,816",CEO: Mr. Benoit Bazin,Saint-Gobain
Founded: October 1994,"Digital Realty Trust, Inc.",Employees: 559,CEO: Mr. Peter M. Moglia,"Alexandria Real Estate Equities, Inc."
"",Secom Co Ltd,"Employees: 51,000",CEO: Mr. Nico Delvaux,ASSA ABLOY AB
Founded: 1919,Honeywell,"Employees: 59,900",CEO: Mr. N. Thomas Linebarger,Cummins Inc.
"",Honeywell,"Employees: 29,427",CEO: Mr. Henrik Andersen,Vestas Wind Systems A-S
"",JPMorgan,"Employees: 5,660",CEO: Mr. Mohammed Abdullah Al-Yahya,Riyad Bank
Founded: 5 January 2016,"Marsh & McLennan Companies, Inc.","Employees: 46,000",CEO: Mr. Carl A. Hess,Willis Towers Watson plc
Founded: 1986,Alphabet,"Employees: 2,500",CEO: Ms. Sharmistha Dubey,"Match Group, Inc."
"",JPMorgan,"Employees: 33,916",CEO: Mr. Johan Thijs,KBC Group NV
"",JPMorgan,"Employees: 80,879",CEO: Mr. Andrea Orcel,UniCredit S.p.A.
"",Ping An Insurance,"Employees: 57,347","",Cathay Financial Holding Co. Ltd
"Founded: Vallejo, California 1982",Cintas Corporation,"Employees: 8,600",CEO: Mr. A. Jayson Adair,"Copart, Inc."
Founded: 23 April 2006,Alphabet,"Employees: 6,617",CEO: Mr. Daniel G. Ek,Spotify Technology SA
"Founded: February 8, 1971",S&P Global Inc.,"Employees: 5,814",CEO: Ms. Adena T. Friedman,"Nasdaq, Inc."
Founded: 1900,American Tower,"Employees: 9,214","CEO: Mr. Devin W. Stockfish Esq., J.D.",Weyerhaeuser Company
"",NextEra Energy,"","",Saudi Electricity Company
Founded: 1880,International Paper Company,"Employees: 24,300",CEO: Mr. John A. Hayes,Ball Corporation
Founded: 2014,Keyence,"Employees: 14,300",CEO: Mr. Ronald S. Nersesian,"Keysight Technologies, Inc."
"",Johnson & Johnson,"Employees: 15,455",CEO: Mr. Kenji Yasukawa Ph.D.,"Astellas Pharma, Inc."
"",Accenture,"Employees: 15,936",CEO: Mr. Luis Maroto Camino,"Amadeus IT Group, SA"
"","Dominion Energy, Inc.","Employees: 163,423",CEO: Mr. Jean-Bernard Levy,EDF
"",Verizon,"Employees: 23,000","CEO: Mr. Anthony Staffieri F.C.A., FCA, FCPA",Rogers Communications Inc.
"",Archer-Daniels-Midland Company,"Employees: 25,549","",Tongwei Co. Ltd
"Founded: November 17, 1988",Galaxy Entertainment Group Ltd,"Employees: 44,500",CEO: Mr. Robert Glen Goldstein,Las Vegas Sands Corp.
"","Dominion Energy, Inc.","Employees: 18,902",CEO: Dr. Markus Krebber,RWE AG
"",AP Moller - Maersk A-S,"Employees: 29,379","",COSCO SHIPPING Holdings Co Ltd
Founded: 1983,JPMorgan,"Employees: 6,567",CEO: Mr. Gregory W. Becker,SVB Financial Group
"Founded: November 1, 1980",Union Pacific,"Employees: 20,900",CEO: Mr. James M. Foote,CSX Corporation
"","Stanley Black & Decker, Inc.","Employees: 51,426","CEO: Mr. Joseph Galli Jr., BSBA, M.B.A., MBA.",Techtronic Industries Company Ltd
"",APA Group,"Employees: 7,231",CEO: Mr. Francisco Miguel ReynÃ©s Massanet,"Naturgy Energy Group, SA"
"","Naturgy Energy Group, SA","Employees: 2,000","CEO: Mr. Robert Anthony Wheals C.A., B.Com., BCom, CA, GAICD, MAICD",APA Group
Founded: 1891,Foshan Haitian Flavouring and Food Company Ltd,"Employees: 20,000",CEO: Mr. James P. Snee,Hormel Foods Corporation
Founded: 1979,Veeva Systems Inc.,"Employees: 25,150",CEO: Dr. David Todd Feinberg MBA,Cerner Corporation
Founded: 1947,"United Rentals, Inc.","Employees: 21,033",CEO: Mr. Brendan Horgan,Ashtead Group plc
Founded: 1899,IHS Markit Ltd.,"Employees: 12,700",CEO: Mr. Mark W. Begor,Equifax Inc.
"",Nvidia,"Employees: 17,354",CEO: Dr. Hai Jun Zhao,Semiconductor Manufacturing International Corp
"",Tesla,Employees: 888,CEO: Mr. George Wills,Porsche Automobil Holding SE
"Founded: 1919 (1919) - Hackney, London, England",Seven & i Holdings Co. Ltd,"Employees: 360,000",CEO: Mr. Ken Murphy,Tesco plc
"Founded: July 29, 2008",Kuaishou Technology,"Employees: 5,590",CEO: Ms. Jennifer C. Witz,Sirius XM Holdings Inc.
"",Sydney Airport Limited,"","",Airports of Thailand Public Company Ltd
"",Jardine Strategic Holdings Limited,"Employees: 172,907","",CK Hutchison Holdings Ltd
"",Chubb Limited,"Employees: 193,494","",The People's Insurance Company (Group) of China Ltd
"Founded: October 22, 1996",Booking Holdings Inc.,"Employees: 14,800",CEO: Mr. Peter Maxwell Kern,"Expedia Group, Inc."
Founded: 1985,JPMorgan,"Employees: 6,295",CEO: Mr. Michael J. Roffler,First Republic Bank
Founded: 15 May 1891,Thermo Fisher Scientific,"Employees: 78,189",CEO: Mr. FranÃ§ois Adrianus van Houten,Koninklijke Philips N.V.
Founded: 1891,Ping An Insurance,"Employees: 28,000",CEO: Mr. Paul Anthony Mahon,Great-West Lifeco Inc.
"",Kweichow Moutai,"",CEO: Mr. Thapana Sirivadhanabhakdi,Thai Beverage Public Company Ltd
"",Munich Re,"Employees: 13,985","",Swiss Re AG
Founded: 1886,NextEra Energy,"Employees: 13,003",CEO: Mr. Pedro J. Pizarro,Edison International
"",RELX plc,"Employees: 19,454",CEO: Ms. Nancy McKinstry,Wolters Kluwer N.V.
Founded: 1999,Nvidia,"Employees: 30,000",CEO: Mr. Hassane S. El-Khoury,ON Semiconductor Corporation
"",JPMorgan,"Employees: 49,607",CEO: Mr. Gonzalo Maria Gortazar Rotaeche,"CaixaBank, SA"
"",Allianz SE,"Employees: 13,340",CEO: Mr. Torbjorn Magnusson,Sampo Oyj
Founded: 1977,Prologis,"Employees: 4,309",CEO: Mr. Joseph Daniel Margolis J.D.,Extra Space Storage Inc.
"",EssilorLuxottica SA,"Employees: 13,832",CEO: Dr. Joachim Kreuzburg,Sartorius
Founded: 1978,Vanjia Corp,"Employees: 11,788",CEO: Mr. David V. Auld,"D.R. Horton, Inc."
Founded: 1927,Fastenal Company,"Employees: 22,700",CEO: Mr. Donald G. Macpherson,"W.W. Grainger, Inc."
"",Honeywell,"Employees: 8,806","",NARI Technology Co. Ltd
"",Honeywell,"Employees: 62,720",CEO: Mr. Henrik Ehrnrooth M.Sc. (Econ),KONE Oyj
Founded: 1889,Foshan Haitian Flavouring and Food Company Ltd,"Employees: 14,000",CEO: Mr. Lawrence E. Kurzius,"McCormick & Company, Incorporated"
"",Accenture,"Employees: 139,677",CEO: Mr. Hiroshi Honma,NTT Data Corp
"",Saudi Basic Industries Corp,"Employees: 5,533",CEO: Mr. Liangbin Li,Ganfeng Lithium Co. Ltd
"",Nvidia,"Employees: 3,291","",Will Semiconductor Co. Ltd
"Founded: New York City, United States 1978",Morgan Stanley,"Employees: 2,571",CEO: Mr. Milan Galik,"Interactive Brokers Group, Inc."
"",Aramco,"",CEO: Mr. Alexander Valerievich Dyukov,Gazprom Neft PJSC
"",Ping An Insurance,"Employees: 44,461","",Fubon Financial Holding Co. Ltd
Founded: 1938,"O'Reilly Automotive, Inc.","Employees: 22,000",CEO: Mr. Harry A. Lawton III,Tractor Supply Company
"","Mondelez International, Inc.","Employees: 14,000",CEO: Dr. Dieter Weisskopf Ph.D.,Chocoladefabriken Lindt & Sprüngli AG
"Founded: Canonsburg, Pennsylvania, United States 1970",Salesforce,"Employees: 5,100",CEO: Dr. Ajei S. Gopal Ph.D.,"ANSYS, Inc."
"",China Shenhua Energy Company Ltd,"Employees: 36,344","",Shaanxi Coal Industry Company Ltd
"","HCA Healthcare, Inc.","Employees: 22,808","",Aier Eye Hospital Group Co. Ltd
Founded: 1927,Abbott,"Employees: 19,500",CEO: Mr. Bryan C. Hanson,"Zimmer Biomet Holdings, Inc."
"",DENSO Corp,"Employees: 138,036",CEO: Mr. Shuichi Ishibashi,Bridgestone Corp
"",Flutter Entertainment plc,"Employees: 8,987","",Evolution Gaming Group AB
"",Novo Nordisk,"Employees: 3,103","",Beijing Wantai Biological Pharmacy Enterprise Co. Ltd
"","CBRE Group, Inc.","Employees: 16,051",CEO: Mr. Rolf Eberhard Buch,Vonovia SE
"",Honeywell,"Employees: 44,133",CEO: Mr. Stefan Widing,Sandvik AB
"",Enbridge Inc.,"",CEO: Mr. Jack A. Fusco,"Cheniere Energy Partners, L.P."
Founded: 1905,NextEra Energy,"Employees: 26,000",CEO: Ms. Patricia Kessler Poppe,PG&E Corporation
Founded: 1887,Union Pacific,"Employees: 6,522",CEO: Mr. Patrick J. Ottensmeyer,Kansas City Southern
Founded: 2004,Salesforce,"Employees: 5,245",CEO: Mr. John S. Riccitiello,Unity Software Inc.
"",Raytheon Technologies,"Employees: 81,098",CEO: Mr. Patrice Caine,Thales SA
"Founded: March 15, 1967","Delta Air Lines, Inc.","Employees: 55,100",CEO: Mr. Robert E. Jordan,Southwest Airlines Co.
"",NextEra Energy,"Employees: 10,300",CEO: Mr. Gerard M. Anderson,DTE Energy Company
Founded: 1809,Chubb Limited,"Employees: 26,000",CEO: Mr. Charles J. G. Brindamour B.Sc.,Intact Financial Corporation
Founded: 10 March 1869,JPMorgan,"Employees: 82,969",CEO: Mr. Christian Sewing,Deutsche Bank AG
Founded: 10 August 1937,HP Inc.,"Employees: 184,034",CEO: Mr. Fujio Mitarai,Canon Inc.
"",Saudi Basic Industries Corp,"Employees: 5,300",CEO: Mr. Bhavesh V. Patel,"LYONDELLBASELL ADVANCED POLYMERS, Inc."
Founded: November 1979,JPMorgan,"Employees: 27,804",CEO: Mr. Laurent Ferreira,National Bank of Canada
"",EssilorLuxottica SA,"Employees: 14,922",CEO: Mr. Arnd Kaldowski,Sonova Holding AG
Founded: 1969,Scentre Group,Employees: 367,CEO: Mr. Sumit Roy,Realty Income Corporation
"",JPMorgan,"Employees: 46,989","",China Everbright Bank Company Ltd
Founded: 2008,Alphabet,"Employees: 7,867",CEO: Mr. Jeffrey Lawson,Twilio Inc.
"",Sea Limited,"Employees: 1,600",CEO: Mr. David Baszucki,Roblox Corp
Founded: 19 April 1924,Verizon,"Employees: 104,150",CEO: Mr. Jose MarÃ­a Alvarez-Pallete Lopez,"Telefónica, SA"
"",Union Pacific,"Employees: 30,153","",Central Japan Railway Co
Founded: 2015,Tesla,"Employees: 11,901",CEO: Mr. Xiang Li,Li Auto Inc.
"","Dominion Energy, Inc.","Employees: 24,519",CEO: Dr. Frank Mastiaux,EnBW Energie Baden-Wuerttemberg AG
Founded: 1810,Allianz SE,"Employees: 18,100",CEO: Mr. Christopher Jerome Swift CPA,"The Hartford Financial Services Group, Inc."
"Founded: September 5, 1978",Thermo Fisher Scientific,"Employees: 67,950",CEO: Mr. Adam H. Schechter,Laboratory Corporation of America Holdings
Founded: 2007,Microsoft,"Employees: 2,539",CEO: Mr. Dev C. Ittycheria,"MongoDB, Inc."
"Founded: January 15, 1921",CATL,"Employees: 145,653",CEO: Mr. Kei Uruma,Mitsubishi Electric Corporation
Founded: 1982,JPMorgan,"Employees: 48,834",CEO: Mr. Mario Roberto Opice Leao,Banco Santander (Brasil) SA
"",JPMorgan,"Employees: 86,266",CEO: Mr. Amitabh Chaudhry,Axis Bank Ltd
"Founded: August 14, 1997",Ashtead Group plc,"Employees: 20,400",CEO: Mr. Matthew J. Flannery,"United Rentals, Inc."
"",Linde,"","",Nan Ya Plastics Corp
Founded: 1954,Vanjia Corp,"Employees: 10,753",CEO: Mr. Jonathan M. Jaffe,Lennar Corporation
"",EssilorLuxottica SA,"Employees: 8,692",CEO: Mr. Guillaume Daniellot,Straumann Holding AG
"",NextEra Energy,"Employees: 7,061",CEO: Mr. Richard Kendall Lancaster BE,CLP Holdings Ltd
"",China Shenhua Energy Company Ltd,"Employees: 63,869","",Yanzhou Coal Mining Company Ltd
"Founded: November 7, 1997","Dominion Energy, Inc.","Employees: 12,395",CEO: Mr. Steven E. Strah,FirstEnergy Corp.
Founded: 1994,Linde,"Employees: 6,000",CEO: Mr. Jerry Kent Masters Jr.,Albemarle Corporation
"",Sun Hung Kai Properties Ltd,"Employees: 54,000","",CK Asset Holdings Limited
Founded: 2006,Trina Solar Co. Ltd,"Employees: 2,260",CEO: Mr. Badrinarayanan Kothandaraman,"Enphase Energy, Inc."
"",Honeywell,"Employees: 38,207",CEO: Mr. BenoÃ®t Coquart,Legrand SA
"",Las Vegas Sands Corp.,"Employees: 17,088","",Galaxy Entertainment Group Ltd
"",JPMorgan,"Employees: 15,500",CEO: Mr. Johan Torgeby,Skandinaviska Enskilda Banken AB
"Founded: October 22, 2004",Nutrien Ltd.,"Employees: 12,525",CEO: Mr. James C. O'Rourke P.Eng.,The Mosaic Company
Founded: 1984,Accenture,"Employees: 13,900",CEO: Ms. Christine A. Leahy,CDW Corporation
Founded: 1979,Accenture,"Employees: 16,600",CEO: Mr. Eugene A. Hall,"Gartner, Inc."
"",VERBUND AG,"Employees: 2,114",CEO: Mr. Miguel Stilwell de Andrade,"EDP Renováveis, SA"
"Founded: March 2, 1925",Southwest Airlines Co.,"Employees: 83,000",CEO: Mr. Edward H. Bastian,"Delta Air Lines, Inc."
Founded: 2003,Microsoft,"Employees: 2,920",CEO: Dr. Alexander C. Karp,Palantir Technologies Inc.
Founded: 1997,Novo Nordisk,"Employees: 2,675",CEO: Dr. Clay B. Siegall,Seagen Inc.
"",ConocoPhillips,Employees: 870,CEO: Mr. Travis D. Stice,"Diamondback Energy, Inc."
"Founded: April 12, 1995",Microsoft,Employees: 902,CEO: Mr. D. James Bidzos,"VeriSign, Inc."
"Founded: 1847: as John Dwight and Company 1896: as Church & Dwight, Co.",Procter & Gamble,"Employees: 5,100",CEO: Mr. Matthew Thomas Farrell,"Church & Dwight Co., Inc."
Founded: 1997,NextEra Energy,"Employees: 9,116",CEO: Mr. Martin J. Lyons Jr.,Ameren Corporation
"",JPMorgan,"Employees: 59,262","",China Minsheng Banking Corp Ltd
"Founded: January 25, 2010",Disney,"Employees: 10,200",CEO: Mr. Michael Rapino,"Live Nation Entertainment, Inc."
Founded: 26 July 1954,ConocoPhillips,"Employees: 3,684","CEO: Ms. Marguerite Eileen O'Neill B.Sc., M.Sc.",Woodside Petroleum Ltd
"",AP Moller - Maersk A-S,"","",Evergreen Marine Corp
"",Sydney Airport Limited,"Employees: 8,162",CEO: Mr. Maurici Lucena Betriu,"Aena S.M.E., SA"
Founded: 2014,Tesla,"Employees: 5,084",CEO: Mr. Xiaopeng He,XPeng Inc.
Founded: 1889,BlackRock,"Employees: 21,100",CEO: Mr. Michael G. O'Grady,Northern Trust Corporation
"Founded: Vancouver, British Columbia, Canada 2009",Salesforce,"Employees: 1,664",CEO: Mr. Phanich Sodsee,"Slack Technologies, Inc."
Founded: 1977,"AvalonBay Communities, Inc.","Employees: 2,429",CEO: Mr. H. Eric Bolton Jr.,"Mid-America Apartment Communities, Inc."
"","HCA Healthcare, Inc.","Employees: 316,078",CEO: Mr. Stephan Sturm,Fresenius SE & Co KGaA
"",Avery Dennison Corporation,"Employees: 73,275",CEO: Mr. Teiichi Goto,FUJIFILM Holdings Corp
Founded: 18 June 1846,Verizon,"Employees: 99,700",CEO: Mr. Philip Eric Rene Jansen,BT Group plc
Founded: 1909 as Birmingham Slag Company,CRH plc,"Employees: 11,912",CEO: Mr. James Thomas Hill,Vulcan Materials Company
"",John Deere,"Employees: 15,529",CEO: Ms. Helena Hedblom M.Sc.,Epiroc AB
"",Hon Hai Precision Industry Co. Ltd,"",CEO: Mr. Ping Cheng,"Delta Electronics, Inc."
"",Newmont Corporation,"","",Public Joint Stock Company Polyus
"",Honeywell,"Employees: 69,015",CEO: Mr. Silvio Napoli,Schindler Holding AG
"",Visa,"Employees: 33,153",CEO: Mr. Makoto Inoue,ORIX Corporation
Founded: 1993,CRH plc,"Employees: 10,000",CEO: Mr. C. Howard Nye,"Martin Marietta Materials, Inc."
"",Morgan Stanley,"Employees: 9,994","",CSC Financial Co. Ltd
"Founded: August 22, 1966","O'Reilly Automotive, Inc.","Employees: 57,750",CEO: Ms. Corie Sue Barry,"Best Buy Co., Inc."
Founded: 1985,EssilorLuxottica SA,"Employees: 13,000",CEO: Mr. Daniel A. Carestio,STERIS plc
Founded: 1913,"Dominion Energy, Inc.","Employees: 12,369",CEO: Mr. Leo P. Denault,Entergy Corporation
"",Veeva Systems Inc.,"Employees: 8,249","","M3, Inc."
Founded: October 2003,Microsoft,"Employees: 7,500",CEO: Mr. Graham Vivian Smith,Splunk Inc.
"",CATL,"Employees: 9,669","",EVE Energy Co. Ltd
Founded: 1998,Welltower Inc.,Employees: 434,CEO: Ms. Debra A. Cafaro,"Ventas, Inc."
"",NextEra Energy,"Employees: 9,258",CEO: Mr. Jose Damian Bogas Galvez,"Endesa, SA"
Founded: 1998,"Dominion Energy, Inc.","Employees: 11,865",CEO: Mr. Alistair Phillips-Davies,SSE plc
"",DENSO Corp,"Employees: 118,400",CEO: Mr. Florent Menegaux,Michelin
Founded: 2005,Johnson & Johnson,"Employees: 1,890",CEO: Mr. Timothy P. Walbert,Horizon Therapeutics Public Limited Company
"",Nucor Corporation,"Employees: 47,710","",Baoshan Iron & Steel Co. Ltd
Founded: 1843,Techtronic Industries Company Ltd,"Employees: 71,300",CEO: Mr. James M. Loree,"Stanley Black & Decker, Inc."
"",CATL,"Employees: 4,492",CEO: Mr. Ren Xian Cao,Sungrow Power Supply Co. Ltd
"",Procter & Gamble,"Employees: 20,567",CEO: Mr. Vincent Warnery,Beiersdorf AG
"",JPMorgan,"Employees: 37,840","",PT Bank Mandiri (Persero) Tbk
Founded: 1983,Freeport-McMoRan Inc.,"Employees: 20,000",CEO: Mr. Philip Kelvin Rodda Pascall,First Quantum Minerals Ltd.
"",John Deere,"Employees: 43,293","",Kubota Corp
"",Verizon,"Employees: 21,975","CEO: Mr. Ralph Tendai Mupita B.Sc., M.B.A.",MTN Group Ltd
Founded: 1983,Nvidia,"Employees: 7,100","","Maxim Integrated Products, Inc."
Founded: 1985,UWM Holdings Corporation Class,"Employees: 26,000",CEO: Mr. Jay D. Farner,"Rocket Companies, Inc."
"",NextEra Energy,"Employees: 9,095",CEO: Mr. David Gerard Hutchens,Fortis Inc.
"",Linde,"","",Formosa Plastics Corp
"",Disney,"",CEO: Mr. Gregory B. Maffei,Liberty Broadband Corporation
"",Nvidia,"Employees: 19,500","",United Microelectronics Corporation
Founded: October 1989,Keyence,"Employees: 18,700",CEO: Mr. Clifton Albert Pemble,Garmin Ltd.
Founded: 2005,"Marriott International, Inc.","Employees: 18,352","",Huazhu Group Limited
Founded: 1972,Booking Holdings Inc.,"Employees: 40,000",CEO: Mr. Arnold W. Donald,Carnival Corporation & plc
"",John Deere,"Employees: 24,586","",Sany Heavy Industry Co. Ltd
"Founded: January 1, 2019",Kuaishou Technology,"Employees: 9,000",CEO: Mr. Lachlan Keith Murdoch,Fox Corporation
"",Archer-Daniels-Midland Company,"Employees: 52,809","",Wens Foodstuff Group Co. Ltd
"",JPMorgan,"Employees: 124,089",CEO: Mr. Frederic Oudea,Société Générale SA
"",EssilorLuxottica SA,"Employees: 26,482",CEO: Mr. Shinjiro Sato,Terumo Corp
"",Morgan Stanley,"Employees: 9,372",CEO: Mr. Zhaohui Huang,China International Capital Corp Ltd
Founded: 2012,"AvalonBay Communities, Inc.","Employees: 1,240",CEO: Mr. Dallas B. Tanner,Invitation Homes Inc.
"",Novo Nordisk,"",CEO: Mr. Pablo Gerardo Legorreta,Royalty Pharma plc
"",EssilorLuxottica SA,"Employees: 31,653",CEO: Mr. Yasuo Takeuchi,Olympus Corp
Founded: October 1899,Hennes & Mauritz AB,"Employees: 27,200",CEO: Mr. Steven E. Rendle,V.F. Corporation
Founded: 1955,Honeywell,"Employees: 25,000",CEO: Mr. Richard Joseph Tobin,Dover Corporation
"Founded: June 4, 1920",NextEra Energy,"Employees: 5,607",CEO: Mr. Vincent Sorgi,PPL Corporation
"",Shenzhou International Group Holdings Ltd,"Employees: 29,522","","Hengli Petrochemical Co.,Ltd."
"",Novo Nordisk,"Employees: 1,212",CEO: Dr. Jan G.J. van de Winkel,Genmab A/S
"",Nutrien Ltd.,"",CEO: Mr. Abdulrahman Ahmed Shamsaddin,SABIC Agri-Nutrients Company
"",Anheuser-Busch InBev SA/NV,"Employees: 82,257","",Heineken Holding N.V.
"",Union Pacific,"Employees: 71,973",CEO: Mr. Yuji Fukasawa,East Japan Railway Company
"Founded: June 11th, 1968",Saudi Basic Industries Corp,"Employees: 6,081","",Sociedad Química y Minera de Chile SA
"",Thermo Fisher Scientific,"Employees: 57,992",CEO: Dr. Gilles G. Martin Ph.D.,Eurofins Scientific SE
"",Apple,"Employees: 240,786",CEO: Mr. Yuki Kusumi,Panasonic Corp
"",Novo Nordisk,"Employees: 8,600",CEO: Mr. Jean-Christophe Tellier,UCB SA
"",AP Moller - Maersk A-S,"Employees: 14,068",CEO: Mr. Jun Yan,Shanghai International Port
"Founded: November 1, 2015",Cisco,"Employees: 60,400",CEO: Mr. Antonio Fabio Neri,Hewlett Packard Enterprise Company
"Founded: February 19, 1906",Foshan Haitian Flavouring and Food Company Ltd,"Employees: 31,000",CEO: Mr. Steven A. Cahillane,Kellogg Company
"",Chubb Limited,"Employees: 171,508","",PICC Property and Casualty Company Ltd
"",JPMorgan,"",CEO: Mr. Jose Marcos Ramirez Miguel,Grupo Financiero Banorte SAB de CV
"",John Deere,"Employees: 61,564",CEO: Mr. Hiroyuki Ogawa,Komatsu Ltd
"","Naturgy Energy Group, SA","Employees: 55,302","",The Hong Kong and China Gas Company Ltd
"",Coca-Cola,"Employees: 22,000",CEO: Mr. Damian Paul Gammell,Coca-Cola Europacific Partners plc
Founded: 1971,"AvalonBay Communities, Inc.","Employees: 1,739",CEO: Mr. Michael J. Schall CPA,"Essex Property Trust, Inc."
"",Linde,"Employees: 2,646",CEO: Ms. Magdalena Martullo-Blocher,EMS-CHEMIE HOLDING AG
Founded: January 2009,Microsoft,"Employees: 5,030",CEO: Mr. Todd McKinnon,"Okta, Inc."
"",China Yangtze Power Co. Ltd,"Employees: 14,506","",China National Nuclear Power Co. Ltd
"",Jardine Strategic Holdings Limited,"Employees: 74,920",CEO: Mr. Masayuki Hyodo,Sumitomo Corp
Founded: 1945,Tesla,"Employees: 75,278",CEO: Mr. Thierry Yves Henri Bollore,Tata Motors Limited
"",JPMorgan,"Employees: 84,597",CEO: Mr. Fausto de Andrade Ribeiro,Banco do Brasil SA
"",V.F. Corporation,"Employees: 155,000","",Hennes & Mauritz AB
Founded: 1952,Abbott,"Employees: 7,900",CEO: Mr. Norman D. Schwartz,"Bio-Rad Laboratories, Inc."
"",IHS Markit Ltd.,"Employees: 420,000",CEO: Mr. Daniel Julien,Teleperformance
Founded: 1890,Anheuser-Busch InBev SA/NV,"Employees: 320,808",CEO: Mr. Alfonso Garza Garza,"Fomento Económico Mexicano, S.A.B. de C.V."
"",JPMorgan,"Employees: 18,442",CEO: Mr. Stephen D. Steinour,"Huntington Bancshares, Inc."
"",ConocoPhillips,"Employees: 1,254","CEO: Mr. William B. Berry B.Sc., M.Sc.","Continental Resources, Inc."
"",Union Pacific,"Employees: 164,177","",CRRC Corp Ltd
Founded: 2002,Nvidia,"Employees: 11,000",CEO: Mr. Liam K. Griffin,"Skyworks Solutions, Inc."
Founded: May 2001,Morgan Stanley,"Employees: 3,000",CEO: Mr. Thiago Maffra,XP Inc.
"",Procter & Gamble,"Employees: 16,665",CEO: Mr. Takahisa Takahara,Unicharm Corp
"",UPS,"Employees: 22,536",CEO: Mr. Meisong Lai,ZTO Express (Cayman) Inc.
"","Daikin Industries,Ltd.","Employees: 11,149",CEO: Dr. Christian Buhl,Geberit AG
"",Tesla,"Employees: 66,947","",Toyota Industries Corp
"Founded: Cincinnati, Ohio, U.S 1950",Chubb Limited,"Employees: 5,166","CEO: Mr. Steven Justus Johnston C.F.A., CERA, CFA, FCAS, MAAA",Cincinnati Financial Corporation
Founded: 1946 ,Nutrien Ltd.,"Employees: 2,970",CEO: Mr. W. Anthony Will,"CF Industries Holdings, Inc."
"","Daikin Industries,Ltd.","Employees: 20,400",CEO: Mr. Gerteric Lindquist,NIBE Industrier AB
Founded: 2012,John Deere,"Employees: 71,895",CEO: Mr. Scott Wellington Wine,CNH Industrial N.V.
Founded: 1866,JPMorgan,"Employees: 18,442",CEO: Mr. Stephen D. Steinour,Huntington Bancshares Incorporated
Founded: 1972,Prologis,Employees: 340,CEO: Mr. James B. Connor,Duke Realty Corporation
"",McDonald's,"Employees: 5,700","",Restaurant Brands International Limited Partnership
Founded: 1997,Nvidia,"Employees: 2,773",CEO: Mr. Michael R. Hsing,"Monolithic Power Systems, Inc."
Founded: 1969,Cisco,"Employees: 9,800",CEO: Mr. Anders Gustafsson,Zebra Technologies Corporation
Founded: 1990,"O'Reilly Automotive, Inc.","Employees: 16,000",CEO: Mr. David C. Kimbell,"Ulta Beauty, Inc."
"",Ping An Insurance,"Employees: 64,823","","Dai-ichi Life Holdings, Inc."
"Founded: August 29, 1856",JPMorgan,"Employees: 17,115",CEO: Mr. Rene F. Jones CPA,M&T Bank Corporation
Founded: 1825,JPMorgan,"Employees: 17,654",CEO: Mr. Christopher Marrott Gorman,KeyCorp
Founded: 1960,Keyence,"Employees: 14,500",CEO: Dr. Robert Mehrabian,Teledyne Technologies Incorporated
"",S&P Global Inc.,"",CEO: Mr. Gilson Finkelsztain,"B3 S.A. - Brasil, Bolsa, Balcao"
"Founded: July 26, 2016",China Shenhua Energy Company Ltd,Employees: 936,CEO: Mr. Thomas E. Jorden,"Contura Energy, Inc."
"",Oriental Land Co. Ltd,"Employees: 12,244",CEO: Mr. Yozo Shimano,"Shimano, Inc."
Founded: 1925,Ping An Insurance,"Employees: 30,000",CEO: Mr. Robert Jeffrey Orr,Power Corporation of Canada
"Founded: August 10, 1961",UPS,"Employees: 33,045",CEO: Mr. John N. Roberts III,"J.B. Hunt Transport Services, Inc."
"",Mitsubishi Estate Co. Ltd,"Employees: 23,992",CEO: Mr. Masanobu Komoda,Mitsui Fudosan Co. Ltd
"",JPMorgan,"Employees: 4,156",CEO: Mr. Anthony William Cripps,The Saudi British Bank
"",IHS Markit Ltd.,"Employees: 96,216","",SGS SA
"",BHP,"Employees: 10,600","CEO: Mr. Donald R. Lindsay B.Sc. Honours, M.B.A",Teck Resources Limited
"","HCA Healthcare, Inc.","",CEO: Mr. Paulo Junqueira Moll,Rede D'Or São Luiz SA
"",Sea Limited,"Employees: 6,288",CEO: Mr. Owen Mahoney,NEXON Co. Ltd
Founded: 1958 ,EssilorLuxottica SA,"Employees: 12,000",CEO: Mr. Albert G. White III,"The Cooper Companies, Inc."
Founded: 1836,Ping An Insurance,"Employees: 10,046",CEO: Dr. Nigel David Wilson,Legal & General Group plc
Founded: 1971,JPMorgan,"Employees: 19,626",CEO: Mr. John M. Turner Jr.,Regions Financial Corporation
Founded: 2004,Newmont Corporation,Employees: 44,"CEO: Mr. Randy V. J. Smallwood P.Eng, P.Eng.",Wheaton Precious Metals Corp.
Founded: 2007,Salesforce,"Employees: 2,742",CEO: Mr. Henry L. Schuck,ZoomInfo Technologies Inc.
"Founded: December 4, 2019",Disney,"Employees: 22,965",CEO: Mr. Robert Marc Bakish,ViacomCBS Inc.
"",BHP,"Employees: 9,111","",China Northern Rare Earth
"Founded: November 1, 1979",HP Inc.,"Employees: 40,000",CEO: Dr. William David Mosley,Seagate Technology plc
"",Foshan Haitian Flavouring and Food Company Ltd,"Employees: 43,397",CEO: Mr. Minfang Lu,China Mengniu Dairy Co Ltd
Founded: 1859,Honeywell,"Employees: 16,000",CEO: Mr. Vicente Reynal,Ingersoll Rand Inc.
Founded: 1920,Prologis,Employees: 385,CEO: Mr. David John Rivers Sleath O.B.E.,SEGRO plc
Founded: 23 September 1997,Alphabet,"Employees: 18,004",CEO: Mr. Arkady Volozh,Yandex N.V.
Founded: 1989,Nvidia,"Employees: 19,500",CEO: Mr. Ganesh Moorthy,Microchip Technology Incorporated
Founded: June 2006,Salesforce,"Employees: 5,895",CEO: Ms. Yamini Rangan,"HubSpot, Inc."
Founded: 2000,Accenture,"Employees: 9,700",CEO: Mr. Ronald F. Clarke,"FLEETCOR Technologies, Inc."
Founded: 2016,Keyence,"Employees: 18,000",CEO: Mr. James A. Lico,Fortive Corporation
"",Salesforce,"Employees: 1,594",CEO: Mr. Adam Arash Foroughi,AppLovin Corp
Founded: 1997 ,Booking Holdings Inc.,"Employees: 84,900",CEO: Mr. Jason T. Liberty,Royal Caribbean Cruises Ltd.
"",Aramco,"Employees: 23,268",CEO: Mr. Josu Jon Imaz San Miguel Ph.D.,Repsol SA
"",Jardine Strategic Holdings Limited,"",CEO: Mr. Masumi Kakinoki,Marubeni Corp
"Founded: As Chartered Bank of India, Australia, and China on 29 December 1853",JPMorgan,"Employees: 81,770","",Standard Chartered plc
"",Oriental Land Co. Ltd,"Employees: 4,019",CEO: Mr. Ning Li,Li Ning Co Ltd
Founded: 1886,NextEra Energy,"Employees: 8,504",CEO: Mr. Garrick J. Rochow,CMS Energy Corporation
"",Abbott,"",CEO: Mr. Walter M. Rosebrough Jr.,STERIS Corp
"",Verizon,"",CEO: Mr. Somchai Lertsutiwong,Advanced Info Service PCL
"",Apple,"Employees: 78,490",CEO: Mr. Hideo Tanimoto,Kyocera Corp
"",Enbridge Inc.,"Employees: 2,349",CEO: Mr. J. Scott Burrows,Pembina Pipeline Corporation
Founded: 2 February 2016,Evolution Gaming Group AB,"Employees: 16,813",CEO: Mr. Jeremy Peter Jackson,Flutter Entertainment plc
"",Jardine Strategic Holdings Limited,"Employees: 19,463",CEO: Mr. Masayoshi Fujimoto,Sojitz Corp
Founded: 1970,"Digital Realty Trust, Inc.",Employees: 743,CEO: Mr. Owen David Thomas,"Boston Properties, Inc."
"Founded: September 12, 2003",Visa,"Employees: 18,000",CEO: Mr. Brian D. Doubles,Synchrony Financial
"",JPMorgan,"Employees: 3,280","",Alinma Bank
"",BlackRock,"Employees: 8,001",CEO: Mr. Johan Hjertonsson MBA,Investment AB Latour
"",Mitsui Fudosan Co. Ltd,"Employees: 9,982",CEO: Mr. Junichi Yoshida,Mitsubishi Estate Co. Ltd
"",Morgan Stanley,"Employees: 15,198","",Guotai Junan Securities Co. Ltd
"",Linde,"Employees: 27,318","",Nippon Paint Holdings Co. Ltd
Founded: 2012,Amazon,"Employees: 21,000",CEO: Mr. Ernest C. Garcia III,Carvana Co.
Founded: 1930,Chubb Limited,"Employees: 20,300",CEO: Mr. Thomas Sinnickson Gayner,Markel Corporation
Founded: 1939,"Marsh & McLennan Companies, Inc.","Employees: 12,023","CEO: Mr. J. Powell Brown C.P.C.U., CPCU","Brown & Brown, Inc."
"",Accenture,"Employees: 16,196",CEO: Mr. Shingo Konomoto,Nomura Research Institute Ltd
Founded: 1986,Las Vegas Sands Corp.,"Employees: 52,000",CEO: Mr. William Joseph Hornbuckle IV,MGM Resorts International
"",JPMorgan,"Employees: 9,594","",Mega Financial Holding Co. Ltd