Company,Facebook,Twitter,Instagram,Pinterest
Apple,14.031.481 persone seguono questa Pagina,"8,8 Mln",28.9M follower,-
Amazon,5.017.069 persone seguono questa Pagina,5 Mln,3.8M follower,"712,6mila follower"
China Construction Bank,-,-,-,-
Agricultural Bank of China,-,-,-,-
ICBC,15.811 persone seguono questa Pagina,22.516,"3,868 follower",-
Aramco,8.276.544 persone seguono questa Pagina,995.213,315K follower,16 follower
Berkshire Hathaway,104.378 persone seguono questa Pagina,"1,6 Mln","3,448 follower",-
JPMorgan,96.476 persone seguono questa Pagina,698.976,320K follower,-
Bank of America,2.762.915 persone seguono questa Pagina,947.495,-,"10,2mila follower"
Toyota Motor,780.558 persone seguono questa Pagina,53.220,5M follower,-
Alphabet,33.434 persone seguono questa Pagina,573,-,-
Bank of America,2.762.916 persone seguono questa Pagina,947.495,239K follower,"10,2mila follower"
Toyota Motor,780.558 persone seguono questa Pagina,53.220,5M follower,-
Alphabet,33.434 persone seguono questa Pagina,573,337 follower,-
Bank of America,2.762.915 persone seguono questa Pagina,947.495,239K follower,"10,2mila follower"
Toyota Motor,780.558 persone seguono questa Pagina,53.220,5M follower,-
Alphabet,33.434 persone seguono questa Pagina,573,337 follower,-
Microsoft,13.001.662 persone seguono questa Pagina,12 Mln,4M follower,-
Bank of China,-,3.132,240 follower,-
Samsung Group,-,253.162,873K follower,0 follower
ExxonMobil,3.072.075 persone seguono questa Pagina,335.922,108K follower,-
Shell,9.718.381 persone seguono questa Pagina,571.176,416K follower,-
Ping An Insurance Group,-,1.601,599 follower,-
Wells Fargo,1.158.525 persone seguono questa Pagina,344.787,123K follower,"7,1mila follower"
Verizon Communications,6.780.411 persone seguono questa Pagina,"1,6 Mln",249K follower,"26,4mila follower"
AT&T,-,-,-,-
PetroChina,-,235,"7,520 follower",-
UnitedHealth Group,-,39.308,"7,343 follower",-
Walmart,32.541.521 persone seguono questa Pagina,"1,3 Mln",2.9M follower,"1,9Mln follower"
China Merchants Bank,-,-,-,-
Volkswagen Group,-,161.219,9.8M follower,-
Chevron,1.199.939 persone seguono questa Pagina,383.398,67.9K follower,-
Citigroup,1.209.295 persone seguono questa Pagina,-,112K follower,135 follower
Tencent Holdings,-,41.911,"4,156 follower",-
Total,10.250.032 persone seguono questa Pagina,649,113K follower,-
Postal Savings Bank Of China (PSBC),-,-,-,-
China Mobile,457.442 persone seguono questa Pagina,11.104,22.5K follower,-
Comcast,120.444 persone seguono questa Pagina,181.910,28.1K follower,"6,3mila follower"
Alibaba Group,621.171 persone seguono questa Pagina,235.889,122K follower,-
Meta Platforms,-,"13,9 Mln",-,-
Allianz,17.988 persone seguono questa Pagina,52.063,104K follower,270 follower
Morgan Stanley,120.273 persone seguono questa Pagina,669.974,301K follower,-
Goldman Sachs Group,298.229 persone seguono questa Pagina,970.226,219K follower,-
HSBC Holdings,3.042.374 persone seguono questa Pagina,198.281,52.1K follower,-
BNP Paribas,239.838 persone seguono questa Pagina,5.718,31.8K follower,-
Johnson & Johnson,-,-,-,-
Mercedes-Benz Group,-,"3,9 Mln",36.3M follower,-
CVS Health,23.817 persone seguono questa Pagina,67.178,14.5K follower,5 follower
Softbank,1.371.164 persone seguono questa Pagina,675.715,42.1K follower,-
Sinopec,3.134.575 persone seguono questa Pagina,184.116,"1,157 follower",-
RBC,592.898 persone seguono questa Pagina,108.296,64.5K follower,-
Nestlé,11.669.320 persone seguono questa Pagina,-,17.6K follower,"8,4mila follower"
AXA Group,83.100 persone seguono questa Pagina,8.332,"4,815 follower",-
Gazprom,-,69.336,-,-
BP,-,112.412,108K follower,-
Intel,36.624.684 persone seguono questa Pagina,"4,9 Mln",1.7M follower,"17,8mila follower"
TD Bank Group,841.995 persone seguono questa Pagina,56.914,52.5K follower,"1,2mila follower"
Nippon Telegraph & Tel,-,-,-,-
Reliance Industries,2.333.387 persone seguono questa Pagina,4.497,"4,088 follower",-
Industrial Bank,-,2.153,"4,706 follower",-
Sony,347.504 persone seguono questa Pagina,"5,6 Mln",859K follower,"54,7mila follower"
Santander,-,94.200,"2,269 follower",-
Mitsubishi UFJ Financial,-,1.841,-,-
Taiwan Semiconductor,-,3.042,-,-
Ford Motor,17.426.246 persone seguono questa Pagina,"1,4 Mln",5.6M follower,336 follower
LVMH Moët Hennessy Louis Vuitton,321.611 persone seguono questa Pagina,190.620,986K follower,-
Bank of Communications,-,-,-,-
Procter & Gamble,-,-,-,-
BMW Group,301.632 persone seguono questa Pagina,644.514,129K follower,-
Petrobras,-,506.161,189K follower,-
Deutsche Telekom,128.041 persone seguono questa Pagina,82.718,51.1K follower,35 follower
AbbVie,31.983 persone seguono questa Pagina,77.730,"4,905 follower",3 follower
Novartis,425.272 persone seguono questa Pagina,10.550,112K follower,2 follower
General Motors,833.044 persone seguono questa Pagina,799.535,538K follower,-
Equinor,-,19.626,58.9K follower,-
China Life Insurance,-,54,409 follower,-
Roche Holding,7148 persone seguono questa Pagina,246.619,56.9K follower,-
AIA Group,1.376.531 persone seguono questa Pagina,188,14.9K follower,-
MetLife,11.160 persone seguono questa Pagina,54.764,-,-
BHP Group,280.125 persone seguono questa Pagina,59.901,23.6K follower,-
American Express,7.958.907 persone seguono questa Pagina,863.891,23.8K follower,"9,9mila follower"
Stellantis,-,89.473,"4,772 follower",-
Zurich Insurance Group,933.017 persone seguono questa Pagina,60.223,15.1K follower,-
Rosneft,-,5.636,85.2K follower,-
Rio Tinto,110.743 persone seguono questa Pagina,76.621,12.1K follower,-
Brookfield Asset Management,-,2.568,"5,470 follower",-
Cigna,601.129 persone seguono questa Pagina,51.739,21.5K follower,"1,1mila follower"
Prudential Financial,561.234 persone seguono questa Pagina,149.358,29.6K follower,"1,2mila follower"
PepsiCo,394.414 persone seguono questa Pagina,355.216,117K follower,"4,2mila follower"
Merck & Co.,-,-,-,-
Elevance Health,-,36.218,213 follower,-
Bank of Nova Scotia,778.458 persone seguono questa Pagina,106.803,56.2K follower,-
American International Group,335.634 persone seguono questa Pagina,43.205,"1,776 follower",2 follower
Glencore International,205.787 persone seguono questa Pagina,170.593,22.9K follower,-
Cisco Systems,2.007.172 persone seguono questa Pagina,742.379,487K follower,42 follower
Anheuser-Busch InBev,-,33.771,-,19 follower
Walt Disney,37.386.904 persone seguono questa Pagina,717.562,35.5M follower,-
Chubb,47.442 persone seguono questa Pagina,28.592,"7,843 follower",0 follower
CITIC,-,279,"1,676 follower",-
Lloyds Banking Group,8575 persone seguono questa Pagina,25.492,"8,426 follower",-
IBM,2.908.549 persone seguono questa Pagina,704.078,540K follower,-
Sanofi,72.339 persone seguono questa Pagina,18.285,"9,027 follower",89 follower
United Parcel Service,1.988.083 persone seguono questa Pagina,269.318,172K follower,-
British American Tobacco,-,23.399,-,-
UBS,236.473 persone seguono questa Pagina,521.744,95.5K follower,122 follower
Honda Motor,1.766.417 persone seguono questa Pagina,"1,1 Mln",66.8K follower,-
Mitsubishi,98.146 persone seguono questa Pagina,288.095,606K follower,-
China State Construction Engineering,1.100.473 persone seguono questa Pagina,99.811,34K follower,-
State Bank of India,-,"4,5 Mln",2.3M follower,"8,5mila follower"
Commonwealth Bank,779.001 persone seguono questa Pagina,100.764,37.5K follower,-
Shanghai Pudong Development,-,-,-,-
Raytheon Technologies,-,196.312,49.6K follower,-
Enel,1.020.025 persone seguono questa Pagina,6.409,46.5K follower,13 follower
Eni,316.964 persone seguono questa Pagina,65.893,45.4K follower,92 follower
Capital One,3.936.093 persone seguono questa Pagina,214.650,133K follower,"11,2mila follower"
Bristol Myers Squibb,136.167 persone seguono questa Pagina,157.083,15.1K follower,-
Coca-Cola,108.964.771 persone seguono questa Pagina,"3,4 Mln",2.8M follower,-
Oracle,2.971.442 persone seguono questa Pagina,814.230,326K follower,"2,9mila follower"
Sberbank,435.950 persone seguono questa Pagina,-,701K follower,-
Bank of Montreal,178.104 persone seguono questa Pagina,57.156,22.7K follower,-
Vale,-,1.188,100K follower,"7,1mila follower"
EDF,39.147 persone seguono questa Pagina,70.117,24.6K follower,6 follower
Thermo Fisher Scientific,145.113 persone seguono questa Pagina,64.707,42.5K follower,-
Credit Agricole,198.526 persone seguono questa Pagina,3.543,"8,923 follower",237 follower
AIRBUS,-,802.748,2.1M follower,-
Costco Wholesale,757.212 persone seguono questa Pagina,59.717,-,"142,5mila follower"
Hon Hai Precision,-,969,-,-
Unilever,3.967.851 persone seguono questa Pagina,238.230,186K follower,"5,5mila follower"
Charter Communications,-,19.808,-,-
Sumitomo Mitsui Financial,-,145,-,-
ConocoPhillips,71.622 persone seguono questa Pagina,163.937,33.3K follower,-
GlaxoSmithKline,407.584 persone seguono questa Pagina,241.084,89.6K follower,-
Intesa Sanpaolo,516.083 persone seguono questa Pagina,17.257,54.6K follower,-
Manulife,166.268 persone seguono questa Pagina,16.256,15.5K follower,-
US Bancorp,331.646 persone seguono questa Pagina,44.709,42.1K follower,"2,7mila follower"
BASF,495.752 persone seguono questa Pagina,2.218,"1,737 follower",-
CNOOC,-,-,316 follower,-
Abbott Laboratories,-,34.909,131K follower,-
Iberdrola,96.427 persone seguono questa Pagina,80.394,62.3K follower,139 follower
China Shenhua Energy,-,-,22.6K follower,-
Itaú Unibanco Holding,-,-,956K follower,-
Caterpillar,175.001 persone seguono questa Pagina,147.549,846K follower,-
Mitsui,-,404,-,-
Itochu,-,195,359 follower,-
Charles Schwab,267.848 persone seguono questa Pagina,128.747,46.8K follower,"1,1mila follower"
Truist Financial,354.771 persone seguono questa Pagina,13.431,42.8K follower,-
Enbridge,35.438 persone seguono questa Pagina,26.080,"3,290 follower",-
Hitachi,359.212 persone seguono questa Pagina,128.954,43.1K follower,-
KDDI,-,-,0 follower,-
Hyundai Motor,777.485 persone seguono questa Pagina,324.024,1.2M follower,-
China Citic Bank,10.437 persone seguono questa Pagina,279,-,-
Visa,22.370.216 persone seguono questa Pagina,2.784,128K follower,"7,4mila follower"
Target,-,"2,1 Mln",5.2M follower,"4,4Mln follower"
BBVA-Banco Bilbao Vizcaya,5.871.545 persone seguono questa Pagina,"2,4 Mln",194K follower,-
tesla,-,"18,4 Mln",9.5M follower,-
Deere & Company,-,-,-,-
HDFC Bank,2.928.470 persone seguono questa Pagina,574.196,305K follower,545 follower
Barclays,619.141 persone seguono questa Pagina,303.012,47.1K follower,470 follower
Munich Re,29.604 persone seguono questa Pagina,63.996,948 follower,-
Japan Post Holdings,-,-,-,-
Walgreens,4.204.623 persone seguono questa Pagina,839.427,347K follower,141mila follower
Danaher,10.855 persone seguono questa Pagina,294,502K follower,126 follower
Generali Group,238.965 persone seguono questa Pagina,11.377,14.8K follower,-
Møller-Maersk,3.088.887 persone seguono questa Pagina,114.226,307K follower,-
Lowe's,4.800.057 persone seguono questa Pagina,299.473,882K follower,"3,8Mln follower"
FedEx,3.023.209 persone seguono questa Pagina,324.471,14.4M follower,"10,7mila follower"
Deutsche Post,280.417 persone seguono questa Pagina,45.185,35.3K follower,-
PNC Financial Services,345.422 persone seguono questa Pagina,39.018,29.1K follower,"3,5mila follower"
Broadcom,16.936 persone seguono questa Pagina,52.390,7 follower,-
LukOil,22.334 persone seguono questa Pagina,3.833,584 follower,-
Medtronic,-,83.865,"4,720 follower",248 follower
SAP,30.092 persone seguono questa Pagina,301.870,227K follower,11 follower
SK Hynix,6704 persone seguono questa Pagina,-,68K follower,-
ENGIE,716.744 persone seguono questa Pagina,14.688,33.4K follower,297 follower
Lockheed Martin,-,504.823,525K follower,-
BlackRock,-,571.803,88.6K follower,-
Westpac Banking Group,266.407 persone seguono questa Pagina,59.544,21.4K follower,-
Duke Energy,-,119.385,22.1K follower,-
Dell Technologies,1.574.265 persone seguono questa Pagina,52.791,86.7K follower,"10,8mila follower"
VINCI,-,19.854,93K follower,-
Tokio Marine Holdings,150.885 persone seguono questa Pagina,799,20.8K follower,-
América Móvil,-,-,"2,492 follower",-
E.ON,772.665 persone seguono questa Pagina,4.744,"9,098 follower",-
Anglo American,601.491 persone seguono questa Pagina,150.026,27K follower,-
Banco Bradesco,5.039.438 persone seguono questa Pagina,209.765,535K follower,-
ING Group,-,11.175,182 follower,-
Accenture,42.806 persone seguono questa Pagina,551.790,17.6K follower,-
Honeywell International,165.005 persone seguono questa Pagina,65.685,35.6K follower,-
Mizuho Financial,-,5.862,-,-
Linde,-,15.808,10.2K follower,-
ArcelorMittal,-,46.974,"7,112 follower",4 follower
Canadian Imperial Bank,411.052 persone seguono questa Pagina,121.058,41.6K follower,-
Poly Developments & Holdings Group,-,-,-,-
Micron Technology,9903 persone seguono questa Pagina,27.221,"2,892 follower",-
ANZ,378.971 persone seguono questa Pagina,124.570,24.5K follower,5 follower
Fubon Financial,-,-,"2,829 follower",-
China Telecom,141.295 persone seguono questa Pagina,4.390,-,-
HCA Healthcare,39.221 persone seguono questa Pagina,16.386,13.5K follower,19 follower
Dow,17.594 persone seguono questa Pagina,-,10.8K follower,-
Telefónica,990 persone seguono questa Pagina,87.179,48.2K follower,-
China Vanke,17.620 persone seguono questa Pagina,-,-,-
NAB - National Australia Bank,262.624 persone seguono questa Pagina,70.977,18.8K follower,-
Cathay Financial,-,736,"2,744 follower",-
Qualcomm,2.758.254 persone seguono questa Pagina,452.104,193K follower,223 follower
L'Oréal,-,20.324,10M follower,-
Allstate,257 persone seguono questa Pagina,85.998,35.3K follower,"8,2mila follower"
SAIC Motor,-,620,"1,962 follower",-
ICICI Bank,5.361.157 persone seguono questa Pagina,731.954,328K follower,5 follower
China Everbright Bank,-,-,-,-
Gilead Sciences,24.628 persone seguono questa Pagina,72.736,"4,478 follower",10 follower
China Pacific Insurance,-,4,336 follower,-
NVIDIA,6.735.069 persone seguono questa Pagina,"1,9 Mln",2M follower,"2,8mila follower"
Amgen,31.636 persone seguono questa Pagina,124.683,"2,816 follower",-
Union Pacific,-,56.526,57.4K follower,-
Dai-ichi Life Insurance,-,670,33.2K follower,-
Nike,-,"9,5 Mln",253M follower,-
Takeda Pharmaceutical,-,27.987,-,-
Philip Morris International,-,30.927,-,-
PayPal,6.612.755 persone seguono questa Pagina,916.662,533K follower,-
China Resources Land,-,-,"2,339 follower",-
Oversea-Chinese Banking,673.377 persone seguono questa Pagina,19.431,13.4K follower,-
Midea Group,1.593.086 persone seguono questa Pagina,13.266,14K follower,-
Travelers,53.381 persone seguono questa Pagina,65.668,28.2K follower,-
Eli Lilly,239.838 persone seguono questa Pagina,139.824,26.4K follower,-
Mondelez International,275.062 persone seguono questa Pagina,32.175,55.1K follower,-
McDonald's,81.943.189 persone seguono questa Pagina,"4,7 Mln",496K follower,-
General Electric,2.180.258 persone seguono questa Pagina,444.149,476K follower,"32,4mila follower"
Société Générale,-,-,23.1K follower,-
Schneider Electric,1.848.346 persone seguono questa Pagina,67.690,119K follower,688 follower
3M,4.714.401 persone seguono questa Pagina,"1,3 Mln",227K follower,-
Aflac,62.971 persone seguono questa Pagina,60.137,19.4K follower,-
Oil & Natural Gas,-,-,-,-
Southern Company,-,59.501,"3,374 follower",0 follower
Deutsche Bank,6320 persone seguono questa Pagina,677.063,55.2K follower,-
PTT,-,-,37.2K follower,"36,2mila follower"
CK Hutchison,-,-,-,-
Canadian Natural Resources,-,6.956,-,-
Sun Life Financial,120.763 persone seguono questa Pagina,24.436,11.4K follower,-
Northrop Grumman,-,265.899,236K follower,87 follower
Archer Daniels Midland,-,8.621,-,-
Marathon Petroleum,-,9.146,"6,767 follower",-
China Minsheng Bank,-,-,"1,012 follower",-
Legal & General Group,-,-,-,-
Netflix,86.584.357 persone seguono questa Pagina,"21,1 Mln",6.6M follower,-
Progressive,516.949 persone seguono questa Pagina,76.311,934 follower,"7,3mila follower"
Longfor Group Holdings,-,-,80 follower,-
DBS,-,226.417,31.1K follower,-
Cosco Shipping,-,10.279,-,-
China Communications Construction,1.741.294 persone seguono questa Pagina,93.636,"2,118 follower",-
NatWest Group,379.916 persone seguono questa Pagina,71.430,24.3K follower,-
Exelon,-,20.377,579 follower,-
Humana,302.040 persone seguono questa Pagina,44.492,22.1K follower,200 follower
General Dynamics,101.144 persone seguono questa Pagina,6.352,11.5K follower,-
Power Corp of Canada,-,-,17K follower,-
Qatar National Bank,4.448.701 persone seguono questa Pagina,262.233,105K follower,170 follower
Bayer,996.624 persone seguono questa Pagina,184.603,150K follower,-
KKR,16.688.044 persone seguono questa Pagina,"5,1 Mln",3.4M follower,641 follower
Country Garden Holdings,-,-,"2,146 follower",-
NextEra Energy,-,5.809,45 follower,-
KB Financial Group,-,120,238K follower,-
China Railway Group,253.507 persone seguono questa Pagina,19.299,"2,625 follower",-
HP,2.794.105 persone seguono questa Pagina,"1,1 Mln",1.2M follower,-
Nordea Bank,-,16.063,-,-
Seven & I Holdings,-,-,-,-
Suncor Energy,45.686 persone seguono questa Pagina,40.825,"4,685 follower",-
Salesforce.com,792.505 persone seguono questa Pagina,587.790,202K follower,"8,9mila follower"
Air Liquide,62.248 persone seguono questa Pagina,435,"2,355 follower",-
Denso,-,2.312,"1,661 follower",-
Bank of New York Mellon,15.467 persone seguono questa Pagina,38.720,10.1K follower,-
Mastercard,15.785.134 persone seguono questa Pagina,495.026,"2,273 follower","1,4mila follower"
Banco do Brasil,3.117.373 persone seguono questa Pagina,264.975,565K follower,-
Centene,11.427 persone seguono questa Pagina,5.747,-,-
HDFC,2.928.473 persone seguono questa Pagina,574.203,305K follower,545 follower
Freeport-McMoRan,-,3.367,"2,527 follower",-
"Merck KGaA, Darmstadt, Germany and its affiliates",-,24.264,"2,144 follower",-
CaixaBank,248.681 persone seguono questa Pagina,67.580,135K follower,341 follower
ABB,786.967 persone seguono questa Pagina,160.011,100K follower,33 follower
Volvo Group,37.781 persone seguono questa Pagina,85.659,13.3K follower,342 follower
Occidental Petroleum,25 persone seguono questa Pagina,16.479,"2,270 follower",-
National Grid,178.958 persone seguono questa Pagina,8.069,"4,054 follower",31 follower
McKesson,-,22.248,"8,330 follower",817 follower
Shinhan Financial Group,-,2.222,343K follower,-
ASML Holding,125.846 persone seguono questa Pagina,20.889,17.7K follower,-
Nutrien,13.875 persone seguono questa Pagina,6.617,"2,932 follower",0 follower
Investor AB,-,13,20 follower,-
KIA,-,15.849,62.1K follower,-
Saint-Gobain,386.291 persone seguono questa Pagina,23.774,27.1K follower,473 follower
Novo Nordisk,722.006 persone seguono questa Pagina,43.785,84.4K follower,-
Posco,-,-,30.8K follower,30 follower
Diageo,-,46.457,"4,969 follower",-
Royal Ahold Delhaize N.V.,-,3.007,"2,082 follower",-
PICC,-,-,"7,966 follower",-
Dominion Energy,-,64.955,10.7K follower,-
Kroger,1.673.484 persone seguono questa Pagina,165.587,182K follower,"82,7mila follower"
Baoshan Iron & Steel,-,-,-,-
Kweichow Moutai,2.169.673 persone seguono questa Pagina,385.779,67K follower,-
Xiaomi,670.284 persone seguono questa Pagina,"4,3 Mln",307K follower,-
Bank of Ningbo,-,-,-,-
Ecopetrol,437.589 persone seguono questa Pagina,252.113,43.6K follower,4 follower
LyondellBasell Industries,-,11.423,"1,977 follower",-
Contemporary Amperex Technology,-,2.632,-,-
UniCredit,-,41.407,"7,370 follower",-
AmerisourceBergen,11.003 persone seguono questa Pagina,5.831,"2,978 follower",-
EssilorLuxottica,-,532,"7,295 follower",-
Inditex,-,237,"5,464 follower",550 follower
Starbucks,35.136.241 persone seguono questa Pagina,"11,1 Mln",17.9M follower,-
Nucor,10.456 persone seguono questa Pagina,3.301,"4,669 follower",-
IntercontinentalExchange,-,57.343,26.2K follower,-
TJX Cos,14.908 persone seguono questa Pagina,1.515,"7,368 follower","121,6mila follower"
KBC Group,-,5.781,264 follower,-
Tesco,-,660.678,523K follower,"122,8mila follower"
BOE Technology Group,-,140,"8,939 follower",-
Blackstone,32.470 persone seguono questa Pagina,124.939,58.5K follower,-
American Electric,41.924 persone seguono questa Pagina,17.745,88 follower,-
Macquarie Group,18.543 persone seguono questa Pagina,14.707,"7,041 follower",-
Marubeni,-,-,-,-
Swiss Re,-,38.695,"6,058 follower",-
EOG Resources,-,347,-,-
CNP Assurances,-,11.401,"1,469 follower",-
Automatic Data Processing,-,48.959,-,45 follower
Phillips 66,25.569 persone seguono questa Pagina,10.465,"7,835 follower",-
Tyson Foods,293.529 persone seguono questa Pagina,58.808,14.4K follower,"2,7mila follower"
Repsol,205.352 persone seguono questa Pagina,463.679,59.2K follower,-
Sumitomo,-,1.403,591 follower,-
Holcim,108.619 persone seguono questa Pagina,42.937,21.1K follower,-
Altria Group,-,9.897,-,-
Applied Materials,12.008 persone seguono questa Pagina,12.692,"2,178 follower",-
Daimler Truck Holding,17.576 persone seguono questa Pagina,75.160,342K follower,-
Zijin Mining Group,-,-,10.2K follower,-
The Saudi National Bank,461.034 persone seguono questa Pagina,14,315K follower,-
Richemont,-,-,294 follower,154 follower
Kering,58.405 persone seguono questa Pagina,33.574,169K follower,-
Saudi Electricity,-,922,-,-
Danone,1.396.066 persone seguono questa Pagina,62.998,365 follower,86 follower
Nippon Steel,-,528,-,-
LG Chem,184.437 persone seguono questa Pagina,3.356,101 follower,-
Discover Financial Services,1.611.333 persone seguono questa Pagina,104.450,58.2K follower,-
Couche Tard,184.779 persone seguono questa Pagina,2.522,16.9K follower,-
Huaxia Bank,-,43,-,-
NN Group,644.593 persone seguono questa Pagina,1.515,64.7K follower,-
Fannie Mae,110.232 persone seguono questa Pagina,61.742,15.6K follower,519 follower
Fresenius,-,15.626,"7,731 follower","2,2mila follower"
Marsh & McLennan,-,-,-,-
Ameriprise Financial,134.052 persone seguono questa Pagina,6.995,"2,281 follower",-
Becton Dickinson,34.873 persone seguono questa Pagina,13.558,-,-
Panasonic,95.775 persone seguono questa Pagina,145.080,35.5K follower,25 follower
MS&AD Insurance,-,-,-,-
Orix,-,391.098,"5,311 follower",-
Citic Securities,-,48,-,-
First Abu Dhabi Bank,2.672.573 persone seguono questa Pagina,132.423,40.8K follower,11 follower
BCE,-,719.669,47.7K follower,-
Schlumberger,-,-,72.9K follower,-
Texas Instruments,267.558 persone seguono questa Pagina,92.895,29.4K follower,"6,8mila follower"
Bank Rakyat Indonesia (BRI),888.054 persone seguono questa Pagina,220.504,939K follower,-
Standard Chartered,503.909 persone seguono questa Pagina,97.229,62.2K follower,-
CRH,11.092 persone seguono questa Pagina,1.760,"1,840 follower",-
Bank of Beijing,-,-,-,-
Paramount,11.666.991 persone seguono questa Pagina,"3,5 Mln",576K follower,"32,9mila follower"
Bank Of Jiangsu,-,-,-,-
DuPont de Nemours,-,67.520,-,-
Gree Electric Appliances,193.449 persone seguono questa Pagina,24.430,"1,145 follower",-
Indian Oil,1.279.097 persone seguono questa Pagina,381.231,121K follower,-
Dollar General,3.300.736 persone seguono questa Pagina,88.658,256K follower,"33,8mila follower"
Kraft Heinz Company,-,21.776,"7,213 follower",11 follower
Wilmar International,-,11,154 follower,4 follower
Freddie Mac,-,79.087,"9,245 follower",-
Hewlett Packard Enterprise,310.314 persone seguono questa Pagina,79.792,48.3K follower,-
Japan Tobacco,-,6.956,-,-
Poste Italiane,-,85.786,52.5K follower,"1,3mila follower"
United Overseas Bank,2.339.583 persone seguono questa Pagina,29,30.8K follower,-
China Unicom,76.817 persone seguono questa Pagina,6.379,-,-
Valero Energy,45.495 persone seguono questa Pagina,9.268,"6,166 follower",210 follower
CSX,169.554 persone seguono questa Pagina,47.644,"9,469 follower",-
Danske Bank,104.909 persone seguono questa Pagina,8.118,"6,188 follower",-
Fortescue Metals Group,-,20.811,494 follower,-
China Railway Construction,253.566 persone seguono questa Pagina,71.465,"2,625 follower",-
Moderna,28.638 persone seguono questa Pagina,149.754,"7,797 follower",-
Woolworths,1.218.563 persone seguono questa Pagina,38.754,239K follower,"43,9mila follower"
Anhui Conch Cement,-,-,-,-
Adobe,1.479.840 persone seguono questa Pagina,837.356,1.4M follower,202mila follower
Hartford Financial Services,145.482 persone seguono questa Pagina,39.645,"8,307 follower",471 follower
State Street,-,54.189,-,-
Al Rajhi Bank,664.264 persone seguono questa Pagina,32.599,430K follower,-
Power Construction Corporation of China,-,1.635,"2,469 follower",-
Shin-Etsu Chemical,-,76,-,-
Fiserv,24.950 persone seguono questa Pagina,24.109,"8,190 follower",-
Regeneron Pharmaceuticals,18.790 persone seguono questa Pagina,31.979,"9,510 follower",-
ENEOS Holdings,-,-,"3,713 follower",-
Tata Consultancy Services,783.087 persone seguono questa Pagina,547.526,255K follower,76 follower
Sompo,-,1.850,9 follower,-
OMV Group,20.717 persone seguono questa Pagina,8.087,12.3K follower,-
Swiss Life Holding,508 persone seguono questa Pagina,1.998,"7,890 follower",-
Bank Of Shanghai,-,-,-,-
American Tower,-,664,-,-
Pioneer Natural Resources,7365 persone seguono questa Pagina,1.686,"1,867 follower",-
Sun Hung Kai Properties,-,-,13K follower,-
Wanhua Chemical Group,-,-,-,-
Sampo,-,2.237,"1,038 follower",-
China Merchants Shekou Industrial Zone Holdings,-,-,-,-
Haier Smart Home,14.244 persone seguono questa Pagina,4.642,33 follower,-
Eaton,101.111 persone seguono questa Pagina,34.699,108 follower,316 follower
SK,-,300.711,360K follower,-
Johnson Controls International,-,29.639,18.7K follower,-
JBS,1.460.481 persone seguono questa Pagina,53.452,49.7K follower,-
Saudi Telecom,-,"4,4 Mln",-,-
Jardine Matheson,-,77,-,-
Canadian National Railway,87.146 persone seguono questa Pagina,20.618,10.9K follower,-
Stryker,23.964 persone seguono questa Pagina,903,17.5K follower,-
Nokia,12.757.344 persone seguono questa Pagina,"2,1 Mln",968K follower,-
Mitsubishi Electric,1.069.062 persone seguono questa Pagina,4.768,44 follower,-
Nissan Motor,22.018.035 persone seguono questa Pagina,215.403,6.6M follower,14 follower
Tata Steel,295.721 persone seguono questa Pagina,113.655,60.9K follower,-
Heineken,-,172.234,"4,067 follower",-
BAE Systems,84.555 persone seguono questa Pagina,108.541,29K follower,-
Etisalat,2.548.780 persone seguono questa Pagina,0,382K follower,-
BT Group,-,50.352,"2,015 follower",-
CTBC Financial,-,17,435 follower,-
Novatek,-,-,255 follower,-
Greenland Holdings Group,-,265,"2,509 follower",-
RWE Group,-,22.683,311 follower,-
Daikin Industries,108.908 persone seguono questa Pagina,-,-,-
Aegon,11.033 persone seguono questa Pagina,14.550,"3,106 follower",-
Baidu,61.351 persone seguono questa Pagina,105.546,641 follower,2 follower
Ericsson,1.773.565 persone seguono questa Pagina,273.220,51.3K follower,-
Canon,285.599 persone seguono questa Pagina,17.184,125K follower,-
Lennar,1.282.132 persone seguono questa Pagina,244.073,156K follower,"57,7mila follower"
Bank of Nanjing,-,-,-,-
Philips,-,3.054,24.2K follower,"11,8mila follower"
Keurig Dr Pepper,12.936.627 persone seguono questa Pagina,408,22 follower,-
China Yangtze Power,-,-,-,-
DNB Bank,431.279 persone seguono questa Pagina,6.817,25.1K follower,-
Emerson Electric,-,20.423,291 follower,-
Imperial Brands,-,7.119,579 follower,-
Boeing,1.556.548 persone seguono questa Pagina,655.776,1.6M follower,-
General Mills,109.607 persone seguono questa Pagina,104.828,75.1K follower,"5,7mila follower"
Axis Bank,3.649.613 persone seguono questa Pagina,428.290,216K follower,8 follower
National Bank of Canada,76.149 persone seguono questa Pagina,9.166,"9,560 follower",-
The Estée Lauder Companies,92.013 persone seguono questa Pagina,-,277K follower,"69,1mila follower"
CNH Industrial,121.362 persone seguono questa Pagina,12.364,169 follower,-
Fairfax Financial,-,933,328 follower,-
Adidas,41.104.718 persone seguono questa Pagina,"4,2 Mln",26.6M follower,686mila follower
Michelin Group,5.800.363 persone seguono questa Pagina,71.262,311 follower,"1,3mila follower"
Norfolk Southern,-,45.063,47.1K follower,663 follower
Principal Financial Group,70.033 persone seguono questa Pagina,16.242,"3,591 follower",-
Sempra,-,8.403,"1,911 follower",-
Fortum,112.443 persone seguono questa Pagina,7.468,"2,991 follower",-
Grupo Mexico,-,9.892,12.8K follower,0 follower
D.R. Horton,135.856 persone seguono questa Pagina,16.153,64.7K follower,"3,7mila follower"
L3Harris Technologies,60.569 persone seguono questa Pagina,20.331,27K follower,-
Naspers,-,7.603,592 follower,1 follower
Standard Bank Group,184.878 persone seguono questa Pagina,19.781,16.3K follower,303 follower
TC Energy,-,27.833,"5,042 follower",-
Norilsk Nickel,-,15.618,43 follower,-
Naturgy Energy Group,59.971 persone seguono questa Pagina,42.121,16.7K follower,-
Henkel,127.689 persone seguono questa Pagina,22.299,44.9K follower,-
MediaTek,3.628.671 persone seguono questa Pagina,91.787,50.1K follower,-
Recruit Holdings,-,7.820,101 follower,-
Hengli Petrochemical,-,-,9 follower,-
Xcel Energy,43.729 persone seguono questa Pagina,10.983,"4,772 follower",387 follower
Corteva,496.428 persone seguono questa Pagina,334,41.6K follower,-
Synchrony Financial,67.012 persone seguono questa Pagina,14.018,"9,947 follower",153 follower
Toyota Tsusho,-,196,"3,848 follower",-
Toyota Industries,281 persone seguono questa Pagina,223.537,5M follower,-
AstraZeneca,-,303.132,56.5K follower,-
Sunac China Holdings,-,-,-,-
China Evergrande Group,-,-,"1,331 follower",-
Bridgestone,494.127 persone seguono questa Pagina,101.381,99.1K follower,-
Emirates NBD,1.209.705 persone seguono questa Pagina,159.045,132K follower,-
Daiwa House Industry,-,102,66.9K follower,-
JD.com,40.095 persone seguono questa Pagina,92.787,"6,949 follower",-
Kinder Morgan,-,10.526,728 follower,-
China National Building,2 persone seguono questa Pagina,32,-,-
FirstRand,-,-,0 follower,-
Carrefour,11.899.304 persone seguono questa Pagina,90.108,57.5K follower,-
Fujitsu,71.244 persone seguono questa Pagina,71.934,"5,886 follower",31 follower
SEB AB,43.237 persone seguono questa Pagina,10.195,644 follower,-
Surgutneftegas,-,142,128 follower,-
New China Life Insurance,-,54,409 follower,-
Barrick Gold,193.070 persone seguono questa Pagina,58.506,23.6K follower,-
DSV Panalpina,82.419 persone seguono questa Pagina,4.606,435 follower,-
Talanx,-,1.578,0 follower,-
Vodafone,3.629.607 persone seguono questa Pagina,371.338,157K follower,"1,7mila follower"
Nintendo,5.398.542 persone seguono questa Pagina,-,116K follower,"47,4mila follower"
Hana Financial Group,254.606 persone seguono questa Pagina,12,49 follower,-
Hyundai Mobis,111.073 persone seguono questa Pagina,5.031,10.3K follower,0 follower
NTPC,-,41.127,18.7K follower,-
Maybank,2.402.975 persone seguono questa Pagina,206.937,147K follower,-
CME Group,102.882 persone seguono questa Pagina,689.915,13.9K follower,-
TAQA,-,6.108,"3,610 follower",0 follower
Pernod Ricard,-,19.658,"1,280 follower",430 follower
Bank Mandiri,364.806 persone seguono questa Pagina,214.334,531K follower,-
Femsa,1.358.930 persone seguono questa Pagina,211.118,102K follower,3 follower
Paccar,-,885,"1,755 follower",-
Consolidated Edison,38.114 persone seguono questa Pagina,43.283,"9,959 follower",-
Mitsui Fudosan,-,404,-,-
Evergreen Marine Corp. (Taiwan),-,50,"7,949 follower",-
Komatsu,-,37,60.4K follower,-
Shaanxi Coal Industry,-,-,-,-
Lenovo Group,214.531 persone seguono questa Pagina,735.362,25.9K follower,-
Fast Retailing,-,15,-,54 follower
London Stock Exchange,-,68.377,-,-
Vonovia,18.650 persone seguono questa Pagina,4.045,"7,901 follower",-
Aviva,942.701 persone seguono questa Pagina,43.089,41.7K follower,-
Sherwin-Williams,698.194 persone seguono questa Pagina,140.458,413K follower,-
Fujifilm Holdings,-,24.994,249K follower,-
Intuit,-,81.700,21.4K follower,"4,1mila follower"
Lam Research,-,23.520,"4,808 follower",-
Erste Group Bank,-,6.155,11.4K follower,-
Lincoln National,2795 persone seguono questa Pagina,10.690,-,-
Carrier Global,58.398 persone seguono questa Pagina,15.554,36.5K follower,-
DISH Network,4.078.070 persone seguono questa Pagina,108.455,22.6K follower,0 follower
China Coal Energy,-,5.235,-,-
Continental,58.424 persone seguono questa Pagina,965,134K follower,-
VTB Bank,268.841 persone seguono questa Pagina,19.110,106K follower,-
Murata Manufacturing,12.989 persone seguono questa Pagina,2.710,852 follower,-
Larsen & Toubro,-,-,-,-
Ally Financial,-,16.394,36.6K follower,-
NetEase,1.189.682 persone seguono questa Pagina,16.877,"8,413 follower",-
Bank Central Asia,271.971 persone seguono questa Pagina,138.919,524K follower,-
Volvo Car,239.469 persone seguono questa Pagina,242.749,1.5M follower,-
Intact Financial,32.909 persone seguono questa Pagina,4.638,"5,122 follower",-
Orsted,35.679 persone seguono questa Pagina,20.790,24.7K follower,25 follower
Cummins,482.079 persone seguono questa Pagina,124.922,154K follower,-
Williams,-,"1,7 Mln",2.3M follower,-
Capgemini,17.298 persone seguono questa Pagina,139.174,"3,092 follower",0 follower
Prologis,10.095 persone seguono questa Pagina,12.381,829 follower,-
Thales,69.974 persone seguono questa Pagina,83.463,15.7K follower,"1,1mila follower"
Bouygues,922.986 persone seguono questa Pagina,174.898,30.7K follower,606 follower
Banorte,901.358 persone seguono questa Pagina,80.827,33K follower,-
CK Asset Holdings,-,-,351 follower,-
Orange,24.364 persone seguono questa Pagina,31.438,96.1K follower,-
Kuehne & Nagel International,-,-,,-
Bunge,26.437 persone seguono questa Pagina,2.363,60 follower,-
Samsung Life Insurance,-,-,-,-
VMware,393.889 persone seguono questa Pagina,332.704,56.5K follower,"1,8mila follower"
Albertsons,484.562 persone seguono questa Pagina,31.637,28.5K follower,11mila follower
CRRC,749.483 persone seguono questa Pagina,19.300,95K follower,-
CBRE Group,569.469 persone seguono questa Pagina,134.328,79.2K follower,-
Toshiba,-,15.946,61.9K follower,97 follower
Samsung C&T,-,-,-,-
Infosys,871.148 persone seguono questa Pagina,503.882,279K follower,488 follower
Prudential,561.227 persone seguono questa Pagina,149.362,29.6K follower,"1,2mila follower"
Yankuang Energy Group,-,-,-,-
Canadian Pacific Railway,314.451 persone seguono questa Pagina,33.512,24.8K follower,-
Loews,62.265 persone seguono questa Pagina,46.457,30.7K follower,"3,8Mln follower"
Tokyo Electron,-,2.445,-,-
LG Electronics,45.586.422 persone seguono questa Pagina,379.413,44.5K follower,"12,1mila follower"
CSL,-,5.258,"1,934 follower",82 follower
Magna International,229.377 persone seguono questa Pagina,12.746,12.9K follower,-
Analog Devices,136.329 persone seguono questa Pagina,46.880,"8,009 follower",756 follower
Kubota,423.572 persone seguono questa Pagina,263,29.1K follower,-
Air Products & Chemicals,-,-,-,-
Newmont Mining,58.939 persone seguono questa Pagina,25.320,"3,104 follower",-
TE Connectivity,79.155 persone seguono questa Pagina,40.116,14.2K follower,-
Aon,44.559 persone seguono questa Pagina,39.644,"1,803 follower",51 follower
TELUS,911.016 persone seguono questa Pagina,129.282,86K follower,"26,6mila follower"
Dollar Tree,-,186.078,625K follower,"135,2mila follower"
WTW,1214 persone seguono questa Pagina,7.153,"7,327 follower",-
China Zheshang Bank,-,-,-,-
Wesfarmers,-,3.156,"3,336 follower",-
Suzuki Motor,145.717 persone seguono questa Pagina,11.062,1.1M follower,-
Best Buy,8.217.844 persone seguono questa Pagina,37.579,495K follower,"194,4mila follower"
SVB Financial Group,11.329 persone seguono questa Pagina,38.520,"7,835 follower",-
Advanced Micro Devices,3.076.545 persone seguono questa Pagina,"1,1 Mln",1.7M follower,"7,2mila follower"
Markel,1991 persone seguono questa Pagina,853,912 follower,-
Muyuan Foodstuff,-,10,-,-
Kimberly-Clark,401.306 persone seguono questa Pagina,29.595,16.3K follower,5 follower
Swedbank,114.508 persone seguono questa Pagina,8.650,16.8K follower,-
Cognizant,393.782 persone seguono questa Pagina,746.099,142K follower,773 follower
Corning,-,30.257,-,"17,4mila follower"
Infineon Technologies,230.855 persone seguono questa Pagina,15.768,10.5K follower,-
Citizens Financial Group,174.772 persone seguono questa Pagina,25.136,29.9K follower,"1,7mila follower"
Devon Energy,49.422 persone seguono questa Pagina,15.138,"3,423 follower",-
Asahi Group Holdings,-,6,"3,739 follower",-
JSW Steel,303.525 persone seguono questa Pagina,44.511,32.3K follower,-
Lumen Technologies,4326 persone seguono questa Pagina,6.533,"2,735 follower","47,9mila follower"
Regions Financial,291.661 persone seguono questa Pagina,203,"1,634 follower","1,6mila follower"
Svenska Handelsbanken,31.909 persone seguono questa Pagina,6.639,"3,162 follower",-
Raymond James Financial,-,16.614,"4,394 follower",0 follower
BYD,178.055 persone seguono questa Pagina,33.959,49.7K follower,-
Illinois Tool Works,-,130,"1,547 follower",-
Pinduoduo,-,8.304,"1,508 follower",4 follower
Activision Blizzard,-,182.205,1.4M follower,-
Liberty Global,6874 persone seguono questa Pagina,7.826,998 follower,-
Colgate-Palmolive,111.173 persone seguono questa Pagina,36.499,22.1K follower,-
SSE,102.094 persone seguono questa Pagina,33.681,"2,315 follower",-
Nan Ya Plastics,-,-,-,-
Vivendi,-,9.701,413 follower,-
Baxter International,17.442 persone seguono questa Pagina,15.877,"4,484 follower",-
Fosun International,-,8.069,-,-
Weichai Power,-,720,827 follower,-
Fidelity National Financial,-,137,-,-
Parker-Hannifin,22.450 persone seguono questa Pagina,17.249,"9,181 follower",436 follower
Vedanta Limited,19.858 persone seguono questa Pagina,31.786,11.6K follower,-
Woori Financial Group,-,-,0 follower,-
Sysco,103.690 persone seguono questa Pagina,15.201,62.1K follower,315 follower
Telstra,914.459 persone seguono questa Pagina,118.123,47.9K follower,-
Credit Suisse Group,160.226 persone seguono questa Pagina,380.322,16.9K follower,-
Rogers Communications,705.285 persone seguono questa Pagina,116.307,42.5K follower,386 follower
M&T Bank,-,-,-,-
Boston Scientific,58.775 persone seguono questa Pagina,38.707,"2,138 follower",3 follower
Edison International,24.446 persone seguono questa Pagina,3.327,-,-
Financiere de l'Odet,-,-,"6,499 follower",0 follower
Sumitomo Mitsui Trust,-,145,-,-
Entergy,-,20.397,12.9K follower,-
Swisscom,293.362 persone seguono questa Pagina,52.002,34.7K follower,1 follower
EnBW-Energie Baden,-,15.870,-,-
Hikvision,-,11.374,112K follower,-
Nippon Yusen,-,4.845,"7,358 follower",-
Stanley Black & Decker,-,-,-,-
Oneok,-,3.530,"1,319 follower",-
Marriott International,470.715 persone seguono questa Pagina,442.371,238K follower,"4,9mila follower"
Warner Bros. Discovery,331.782 persone seguono questa Pagina,153.344,239K follower,-
S.F. Holding,-,-,-,-
Delta Air Lines,-,"1,6 Mln",1.2M follower,"3,3mila follower"
Bharat Petroleum,2.189.487 persone seguono questa Pagina,411.182,137K follower,-
Halliburton,307.485 persone seguono questa Pagina,62.548,33.9K follower,-
Metallurgical Corp of China,-,-,123 follower,-
Northern Trust,-,18.358,"5,029 follower",-
HeidelbergCement,-,-,796 follower,166 follower
China Steel,-,1.352,-,-
Eversource Energy,24.124 persone seguono questa Pagina,10.124,"5,876 follower",-
Sany Heavy Industry,-,58,42.7K follower,-
Hermès International,-,18.367,12.4M follower,-
International Paper,-,9.011,"1,213 follower",-
Koç Holding,-,-,-,-
Nidec,-,571,"1,454 follower",-
Meituan,-,2.887,91 follower,-
Kotak Mahindra Bank,1.547.655 persone seguono questa Pagina,308.081,168K follower,428 follower
Teck Resources,30.113 persone seguono questa Pagina,14.867,-,-
Southwest Airlines,6.076.539 persone seguono questa Pagina,"2,1 Mln",827K follower,"30,4mila follower"
Deutsche Boerse,7 persone seguono questa Pagina,23.875,"4,283 follower",-
Labcorp,11.065 persone seguono questa Pagina,7.108,"5,071 follower",5 follower
China Tower Corp.,-,-,-,-
Inpex,-,125,"1,164 follower",-
Coca-Cola European Partners,-,9.702,912 follower,-
Wuliangye Yibin,168 persone seguono questa Pagina,27,24 follower,-
Shimao Property Holdings,-,-,"2,219 follower",-
Idemitsu Kosan,-,9,"2,751 follower",-
Formosa Petrochemical,-,-,-,-
Crown Castle International,-,3.312,"1,220 follower",-
FirstEnergy,-,9.383,123 follower,-
Rongsheng Petrochemical,-,-,-,-
Hindalco Industries,-,4.479,"5,377 follower",-
Bank Of Hangzhou,-,-,-,-
Renault,18.710.558 persone seguono questa Pagina,76.467,92K follower,-
International Holding Company,-,474,"2,183 follower",-
International Holding Company,-,474,"2,183 follower",-
Cincinnati Financial,20.621 persone seguono questa Pagina,-,"1,462 follower",-
Mitsubishi Estate,-,-,-,-
Cleveland-Cliffs,4677 persone seguono questa Pagina,-,-,-
Grupo ACS,-,2.693,106 follower,0 follower
CGN Power,1078 persone seguono questa Pagina,2.175,328 follower,-
ASE Technology Holding,-,38,114 follower,-
JFE Holdings,-,389,-,-
DTE Energy,71.577 persone seguono questa Pagina,29.842,"4,091 follower",-
China Hongqiao Group,31.283 persone seguono questa Pagina,298,48.1K follower,-
NXP Semiconductors,87.067 persone seguono questa Pagina,57.249,"3,920 follower",4 follower
Western Digital,241.879 persone seguono questa Pagina,175.384,22.1K follower,-
Booking Holdings,15.714.526 persone seguono questa Pagina,10.534,2.3M follower,-
Aeon,287.626 persone seguono questa Pagina,167.905,43.4K follower,37 follower
First Republic Bank,91.030 persone seguono questa Pagina,45.943,"6,799 follower",-
Lufax Holding,-,485,-,-
Atlas Copco,66.443 persone seguono questa Pagina,20.035,29.4K follower,-
Fidelity National Information (FIS),27.001 persone seguono questa Pagina,-,"5,635 follower",-
Mitsubishi Chemical,-,863,18K follower,-
Edp-energias De Portugal,-,89,35.9K follower,-
Kyocera,-,9.284,"1,558 follower",55 follower
Xiamen C&D,-,-,-,-
AutoZone,3.061.697 persone seguono questa Pagina,40.514,73.4K follower,816 follower
China Taiping Insurance,20.449 persone seguono questa Pagina,86,336 follower,-
Cenovus Energy,13.289 persone seguono questa Pagina,25.408,"3,126 follower",-
Neste,37.900 persone seguono questa Pagina,21.726,13.7K follower,-
Porsche Automobil Holding,-,28,"1,780 follower",-
H&M - Hennes & Mauritz,-,-,-,-
RELX,-,17.256,29.7K follower,11 follower
PG&E,-,-,-,-
Republic Services,76.425 persone seguono questa Pagina,14.139,"9,171 follower",112 follower
Ross Stores,-,3.587,504K follower,"1,7mila follower"
WEC Energy Group,479 persone seguono questa Pagina,632,989 follower,-
Cardinal Health,-,17.430,478 follower,71 follower
CarMax,-,37.540,47.5K follower,-
China Development Financial,-,506,-,-
Riyad Bank,295.130 persone seguono questa Pagina,576.762,111K follower,-
Thomson Reuters,-,158.329,39.7K follower,-
Transneft,-,-,-,-
Ferguson,-,781.626,35K follower,-
IQVIA,61.235 persone seguono questa Pagina,15.585,12.2K follower,-
Hong Kong Exchanges,-,14.125,-,-
PPG,102.411 persone seguono questa Pagina,34.980,23.2K follower,-
Legend Holding,-,-,130 follower,-
Ecolab,54.869 persone seguono questa Pagina,22.853,21.5K follower,88 follower
Sinopharm Group,-,-,-,-
Luxshare Precision Industry,-,71,-,-
Seazen Group,-,-,"3,095 follower",0 follower
Global Payments,-,5.338,"1,076 follower",10 follower
China Energy Engineering,-,69.859,53 follower,-
Safran,318.630 persone seguono questa Pagina,89.302,45.3K follower,-
S&P Global,-,-,-,-
Huntington Bank,265.452 persone seguono questa Pagina,22.704,"9,253 follower",-
Arch Capital Group,-,58,167 follower,-
Jackson Financial,31.662 persone seguono questa Pagina,3,385 follower,-
Bank Leumi,-,5.122,14 follower,-
Trane Technologies,8814 persone seguono questa Pagina,9.386,"3,002 follower",-
Veolia Environnement,-,37.145,-,-
O'Reilly Automotive,687.066 persone seguono questa Pagina,40.826,59.2K follower,163 follower
Biogen,20.920 persone seguono questa Pagina,44.687,280 follower,-
Publicis Groupe,84.894 persone seguono questa Pagina,77.062,38.8K follower,-
Hanwha,1092 persone seguono questa Pagina,-,"1,633 follower",-
The Mosaic Company,8055 persone seguono questa Pagina,9.605,344 follower,-
Bharti Airtel,10.296.466 persone seguono questa Pagina,142.719,559K follower,-
Daqin Railway,-,-,-,-
Uber,22.133.081 persone seguono questa Pagina,1 Mln,1.4M follower,"4,7mila follower"
STMicroelectronics,54.128 persone seguono questa Pagina,40.835,19.4K follower,-
Gemdale,-,17.626,80 follower,-
Ageas,3165 persone seguono questa Pagina,2.353,"5,084 follower",-
Quanta Computer,-,727,70 follower,-
George Weston,-,11,644 follower,-
Weyerhaeuser,18.920 persone seguono questa Pagina,5.541,"6,105 follower",-
Korea Electric Power,-,18.942,36.4K follower,-
Fox,-,"1,4 Mln",1.1M follower,-
Mitsubishi Heavy Industries,-,140.572,"1,152 follower",2 follower
Steel Dynamics,-,1.436,464 follower,-
Keyence,-,2.153,"1,602 follower",-
Longi Green Energy Technology,184.651 persone seguono questa Pagina,30.249,-,-
Reckitt Benckiser Group,324.735 persone seguono questa Pagina,21.621,15.3K follower,-
Coal India,-,61.278,"8,932 follower",-
Aisin Seiki,-,15,"1,020 follower",-
Digital Realty Trust,4357 persone seguono questa Pagina,24.807,"2,096 follower",-
Tata Motors,-,341.509,240K follower,-
Resona Holdings,22.040 persone seguono questa Pagina,25.406,-,-
Simon Property Group,6432 persone seguono questa Pagina,5.268,"3,887 follower",-
Industrial Bank of Korea,-,2.151,108K follower,-
CLP Holdings,-,5,1 follower,-
National Bank of Kuwait,271.593 persone seguono questa Pagina,592.106,635K follower,-
SingTel,576.600 persone seguono questa Pagina,42.115,38.9K follower,-
Coinbase,405.171 persone seguono questa Pagina,"5,5 Mln",401K follower,2 follower
CenterPoint Energy,54.359 persone seguono questa Pagina,16.571,813 follower,-
Saudi Arabian Mining,-,-,"2,584 follower",-
China Cinda Asset Management,-,-,"5,083 follower",-
Asahi Kasei,-,255,"8,268 follower",-
NEC,2.209.694 persone seguono questa Pagina,47.144,"2,483 follower",1 follower
United Airlines Holdings,1.514.856 persone seguono questa Pagina,"1,1 Mln",946K follower,"3,5mila follower"
MGM Resorts,191.240 persone seguono questa Pagina,75.759,142K follower,"2,1mila follower"
DSM,-,171.792,"8,160 follower",-
Telkom Indonesia,525.550 persone seguono questa Pagina,149.866,551K follower,-
PKN Orlen,211.730 persone seguono questa Pagina,35.801,28.3K follower,-
Guotai Junan Securities,-,-,50 follower,-
Norsk Hydro,78.145 persone seguono questa Pagina,8.999,12.2K follower,-
Formosa Plastics,-,5,-,-
NRG Energy,36.249 persone seguono questa Pagina,24.716,"7,038 follower",-
Public Bank,-,-,"5,513 follower",-
TCL,5.532.982 persone seguono questa Pagina,19.616,-,"1,3mila follower"
Huatai Securities,-,-,-,-
Kellogg,42.394 persone seguono questa Pagina,114.958,10.8K follower,"2,3mila follower"
Inner Mongolia Yili,-,-,-,-
WPP,-,131.781,34K follower,-
Omnicom Group,-,21.268,10.5K follower,12 follower
Sekisui House,-,989,"3,600 follower",-
Cheniere Energy,-,4.824,5 follower,-
Sandvik,-,12.860,37.9K follower,-
Siam Cement,-,39,-,-
East Japan Railway,-,208,411 follower,-
Abu Dhabi Commercial Bank,-,45.966,30.9K follower,-
Huishang Bank,-,-,-,-
Great Wall Motor,-,40.293,21K follower,-
Haitong Securities,-,51,123 follower,-
Dongfeng Motor Group,2097 persone seguono questa Pagina,120,326 follower,-
China Reinsurance Group,-,-,-,-
Henderson Land,5152 persone seguono questa Pagina,860,"6,591 follower",-
Samsung SDI,-,471,-,-
Fortis (Canada),-,2.807,"3,101 follower",-
SK Telecom,1.467.292 persone seguono questa Pagina,213.213,525K follower,-
HAL Trust,-,-,211 follower,-
Banco Btg Pactual,245.808 persone seguono questa Pagina,69.847,515K follower,-
Baker Hughes Company,162.674 persone seguono questa Pagina,70.249,28.3K follower,172 follower
Gallagher,-,"3,6 Mln",1.6M follower,-
Everest Re Group,-,163,105 follower,-
Amphenol,4709 persone seguono questa Pagina,1.101,922 follower,-
American Airlines Group,2.695.316 persone seguono questa Pagina,"1,6 Mln",1.1M follower,"3,4mila follower"
KLA,-,4.089,40.8K follower,137 follower
Astellas Pharma,-,52.010,-,-
Otsuka Holding,-,8.281,-,-
China Bohai Bank,-,-,-,-
Kasikornbank,3.014.522 persone seguono questa Pagina,335.161,50.7K follower,-
Bank Hapoalim,-,2.464,14.6K follower,-
Woodside Petroleum,12.679 persone seguono questa Pagina,10.059,"3,985 follower",-
MTR,3980 persone seguono questa Pagina,1.400,27.9K follower,-
Tatneft,-,-,"1,098 follower",-
Power Finance,-,16.907,"1,701 follower",-
Zoetis,82.753 persone seguono questa Pagina,15.404,39.2K follower,-
Lonza Group,55.408 persone seguono questa Pagina,7.966,"5,404 follower",-
Eiffage,-,20.324,"9,048 follower",-
Sumitomo Chemical,-,326,591 follower,-
Vertex Pharmaceuticals,-,69.761,"6,449 follower",-
Constellation Energy,31.578 persone seguono questa Pagina,12.938,"2,148 follower",62 follower
CIFI Holdings Group,-,-,-,-
Raiffeisen Bank International,-,3.080,-,-
Whirlpool,639.984 persone seguono questa Pagina,32.298,"8,017 follower",-
Siemens Energy,23.425 persone seguono questa Pagina,186.324,-,-
WestRock,20.301 persone seguono questa Pagina,7.162,"6,282 follower",-
Samsung Fire & Marine,-,-,-,-
US Steel,-,8.315,"1,247 follower",-
UPM-Kymmene,10.185 persone seguono questa Pagina,11.744,712 follower,-
Formosa Chemicals,-,135,-,-
SK Innovation,-,23,56 follower,-
Telia,203.600 persone seguono questa Pagina,61,17.6K follower,166 follower
T&D Holdings,-,-,-,-
Mapfre,2.076.530 persone seguono questa Pagina,48.141,36.1K follower,-
HCL Technologies,1.392.188 persone seguono questa Pagina,452.780,80.3K follower,-
Sumitomo Realty,-,-,16.1K follower,-
Westlake Chemical,3144 persone seguono questa Pagina,16,-,-
Apollo Global Management,-,5.487,"1,492 follower",-
United Rentals,113.380 persone seguono questa Pagina,7.349,10.6K follower,0 follower
Diamondback Energy,-,-,648 follower,-
Otis Worldwide,24.957 persone seguono questa Pagina,13.433,19.9K follower,-
Chongqing Rural Bank,-,400,-,-
Ball,23.972 persone seguono questa Pagina,"1,3 Mln",-,-
Stora Enso,15.685 persone seguono questa Pagina,11.959,12.6K follower,151 follower
Yang Ming Marine Transport,-,-,-,-
Phoenix Group Holdings,-,4.326,464 follower,0 follower
Wipro,1.434.626 persone seguono questa Pagina,543.794,126K follower,"1,5mila follower"
Power Grid of India,-,29.550,-,-
Absa Group,-,73.054,29.7K follower,-
Novolipetsk Steel,-,665,-,-
Sumitomo Electric,-,138,"1,795 follower",0 follower
St. James's Place,-,4.912,"4,937 follower",-
Grasim Industries,-,7.448,"1,218 follower",-
Segro,-,5.479,515 follower,-
Mega Financial Holding,-,7,-,-
Zhongsheng Group Holdings,-,-,-,-
Shin Kong Financial,-,-,-,-
CMS Energy,-,17.244,"4,629 follower",-
Quinenco,-,776,"1,020 follower",-
Evonik Industries,38.232 persone seguono questa Pagina,17.003,12.1K follower,-
East Money Information,-,-,3.871 follower,-
QBE Insurance Group,-,5.865,-,-
Tenaga Nasional,437.016 persone seguono questa Pagina,37.605,54.3K follower,-
Naver,-,-,17K follower,-
TDK,-,1.175,"1,552 follower",-
Nomura,-,16.114,12K follower,-
Jinke Property Group,-,-,"6,287 follower",-
Tokyo Electric Power,-,22.390,-,-
CDW,115.413 persone seguono questa Pagina,44.611,"2,893 follower",206 follower
The Hershey Company,54.830 persone seguono questa Pagina,15.155,377K follower,"118,3mila follower"
ITC,-,-,"1,483 follower",45 follower
Pgnig Group,-,-,"2,710 follower",-
MTN Group,-,20.904,"3,086 follower",46 follower
Compass Group,-,15.540,"1,045 follower",-