,company_rank,company_name,company_employees,company_founder,company_founded,company_industry,company_location
0,1,Volkswagen Group,"665,260","Porsche, Piech",1937,Automotive,Wolfsburg
1,2,"Schwarz Group (aka Lidl, Kaufland, ...)","429,000",Schwarz,1930,Retail,Neckarsulm
2,3,BMW Group,"134,682","Quandt, Klatten",1916,Automotive,MÃ¼nchen
3,4,ALDI Discounter (Nord + SÃ¼d),"208,000",Albrecht,1913,Retail,E en and MÃ¼lheim an der Ruhr
4,5,Robert Bosch Group,"409,881",Bosch,1886,Automotive,Gerlingen-SchillerhÃ¶he
5,6,Continental AG,"245,686",Schaeffler,1871,Automotive,Hannover
6,7,Metro Group,"150,000","Haniel, Schmidt-Ruthenbeck, Beisheim",1963,Retail,DÃ¼ eldorf
7,8,"Merckle Group (Phoenix, KÃ¤ bohrer, etc.)","37,900",Merckle,1881,A et & Wealth Management,Ulm
8,9,Heraeus,"14,903",Heraeus,1851,Industrial Manufacturing,Hanau
9,10,Henkel AG & Co. KGaA,"53,000",Henkel,1876,Consumer Products,DÃ¼ eldorf
10,11,Bertelsmann SE & Co. KGaA,"117,220",Mohn,1835,Media and Entertainment,GÃ¼tersloh
11,12,Boehringer Ingelheim,"50,000","Boehringer, von Baumbach",1885,Pharmaceuticals and Life Sciences,Ingelheim am Rhein
12,13,Merck KGaA,"52,140",Merck,1668,Pharmaceuticals and Life Sciences,Darmstadt
13,14,Rethmann Group,"70,000",Rethmann,1934,Energy and Utilities,Selm
14,15,Schaeffler Group,"92,478",Schaeffler,1883,Industrial Manufacturing,Herzogenaurach
15,16,Adolf WÃ¼rth Group,"77,080",WÃ¼rth,1945,Industrial Manufacturing,KÃ¼nzelsau
16,17,Otto Group,"50,000",Otto,1949,Retail,Hamburg
17,18,Marquard & Bahls AG,"7,561",Wei er,1947,Energy and Utilities,Hamburg
18,19,MAHLE GmbH,"79,564",Mahle,1920,Automotive,Stuttgart
19,20,Droege International Group AG,"58,500",Droege,1988,Profe ional Services,DÃ¼ eldorf
20,21,dm-drogerie markt GmbH + Co. KG,"61,721","Werner, Lehmann",1973,Retail,Karlsruhe
21,22,Dirk Ro mann GmbH,"56,000",Ro mann,1972,Consumer Products,Burgwedel
22,23,Maxingvest AG,"29,712",Herz,1949,Consumer Products,Hamburg
23,24,Freudenberg Group,"49,137",Freudenberg,1849,Industrial Manufacturing,Weinheim
24,25,Helm AG,"1,621",Schnabel,1900,Industrial Manufacturing,Hamburg
25,26,Tengelmann Warenhandelsgesellschaft KG,"86,000",Haub,1867,Industrial Manufacturing,MÃ¼lheim an der Ruhr
26,27,Globus Holding GmbH & Co. KG,"45,500",Bruch,1828,Consumer Products,St. Wendel
27,28,Gebr. Knauf KG.,"25,679",Knauf,1932,Industrial Manufacturing,Iphofen
28,29,Dr. August Oetker KG,"30,937",Oetker,1891,Industrial Manufacturing,Bielefeld
29,30,Hella GmbH & Co. KGaA,"39,327","Hueck, Behrend, RÃ¶pke",1899,Automotive,Lippstadt
30,31,B. Braun Melsungen AG,"63,751",Braun,1839,Healthcare,Melsungen
31,32,Knorr-Bremse AG,"29,149",Thiele,1905,Industrial Manufacturing,MÃ¼nchen
32,33,TÃ¶nnies Holding ApS & Co. KG,"16,500",TÃ¶nnies,1971,Foods and Beverages,Rheda-WiedenbrÃ¼ck
33,34,"Brose Fahrzeugteile GmbH & Co. KG, Coburg","26,200","Stoschek, Volkmann",1908,Automotive,Coburg
34,35,MHK Group AG,"29,883",Strothoff,1980,Retail,Dreieich
35,36,DKV Mobility Services Group,"1,000",Fischer,1934,Transportation and Logistics,Ratingen
36,37,E/D/E Group,"1,103",Trautwein,1931,Industrial Manufacturing,Wuppertal
37,38,Dachser SE,"30,609","Simon, Rohde-Dachser",1930,Transportation and Logistics,Kempten
38,39,ENERCON Group,"4,510",Wobben,1984,Industrial Manufacturing,Aurich
39,40,Deichmann SE,"26,075",Deichmann,1913,Retail,E en
40,41,United Internet AG,"9,115",Dommermuth,1988,Telecommunications,Montabaur
41,42,Bartels-Langne  GmbH & Co. KG (aka Bela-Group),"18,500",Langne ,1892,Consumer Products,Kiel
42,43,Wacker Chemie AG,"14,744",Wacker,1914,Industrial Manufacturing,MÃ¼nchen
43,44,Franz Haniel & Cie. GmbH,"18,824",Haniel,1756,A et & Wealth Management,Duisburg
44,45,EberspÃ¤cher Gruppe GmbH & Co. KG,"9,489","EberspÃ¤cher, Baumann, Beckmann",1865,Automotive,E lingen
45,46,Gebr. Heinemann SE & Co. KG,"8,000",Heinemann,1879,Retail,Hamburg
46,47,Hornbach Holding AG & Co. KGaA,"21,668",Hornbach,1877,Retail,Neustadt an der WeinstraÃe
47,48,Bechtle AG,"10,005",Schick,1983,Technology,Neckarsulm
48,49,Fritz DrÃ¤xlmaier GmbH & Co. KG,"68,553",DrÃ¤xkmaier,1958,Automotive,Vilsbiburg
49,50,Voith GmbH & Co. KGaA,"19,627",Voith,1867,Industrial Manufacturing,Heidenheim
50,51,Miele & Cie. KG,"20,098","Miele, Zinkann",1899,Consumer Products,GÃ¼tersloh
51,52,Mann+Hummel GmbH,"20,535","Mann, Hummel",1941,Industrial Manufacturing,Ludwigsburg
52,53,Egon Oldendorff GmbH & Co. KG,"1,460",Oldendorff,1921,Transportation and Logistics,LÃ¼beck
53,54,Krones AG,"16,545",Kronseder,1951,Industrial Manufacturing,Neutraubling
54,55,Claas Group,"11,132",Claas,1913,Industrial Manufacturing,Harsewinkel
55,56,MÃ¼ller Holding Ltd. & Co. KG,"34,000",MÃ¼ller,1953,Consumer Products,Ulm
56,57,Jungheinrich AG,"17,877","Wolf, Lange",1953,Industrial Manufacturing,Hamburg
57,58,Stihl Holding AG & Co. KG,"17,122",Stihl,1926,Consumer Products,Waiblingen
58,59,Diehl Verwaltungs-Stiftung,"17,298",Diehl,1902,Industrial Manufacturing,NÃ¼rnberg
59,60,Der Kreis Einkaufsgesellschaft fÃ¼r KÃ¼che und Wohnen Mbh & Co. KG,180,Schaible,1979,Retail,Leonberg
60,61,Gauselmann Group,"13,395",Gauselmann,1957,Industrial Manufacturing,Espelkamp
61,62,Norma (Discounter) Group,"15,000",Roth,1964,Industrial Manufacturing,NÃ¼rnberg
62,63,Wilh. Werhahn KG,"10,161","Werhahn, Goder",1841,Industrial Manufacturing,Neu 
63,64,Trumpf GmbH + Co. KG,"13,420","Leibinger, Kammueller",1923,Industrial Manufacturing,Ditzingen
64,65,Webasto SE,"13,435","Baier, Mey",1901,Automotive,Stockdorf
65,66,Asklepios Kliniken GmbH,"35,327",Gro e Broermann,1985,Healthcare,Hamburg
66,67,Wieland Group,"7,000","Schwenk, Schleicher",1820,Industrial Manufacturing,Ulm
67,68,Hoyer Energie,"1,700",Hoyer,1924,Energy and Utilities,Vi elhÃ¶vede
68,69,Festo AG & Co. KG,"21,200",Stoll,1925,Industrial Manufacturing,E lingen
69,70,SEW-Eurodrive,"17,500",Blickle,1931,Industrial Manufacturing,Bruchsal
70,71,FTI Group,"10,000",Gunz,1983,Profe ional Services,MÃ¼nchen
71,72,Axel Springer SE,"16,282","Springer, DÃ¶pfner",1946,Media and Entertainment,Berlin
72,73,Sixt SE,"7,540",Sixt,1912,Transportation and Logistics,Pullach
73,74,SMS Group,"13,872",Wei ,1871,Industrial Manufacturing,DÃ¼ eldorf
74,75,Aunde Group SE,"24,500",Bolten and KÃ¶nigs,1899,Automotive,MÃ¶nchengladbach
75,76,Zech Group GmbH,"10,700",Zech,1909,Industrial Manufacturing,Bremen
76,77,Goldbeck GmbH,"5,500",Goldbeck,1969,Industrial Manufacturing,Bielefeld
77,78,Otto Fuchs KG,"9,359",Fuchs,1910,Industrial Manufacturing,Meinerzhagen
78,79,Vorwerk & Co. KG,"13,000",Mittelsten-Scheid,1883,Consumer Products,Wuppertal
79,80,August Storck KG,"6,050",Oberwelland,1903,Foods and Beverages,Berlin
80,81,Hubert Burda Media Holding KG,"12,135",Burda,1903,Media and Entertainment,MÃ¼nchen
81,82,DrÃ¤ger Group,"14,603",DrÃ¤ger,1889,Healthcare,LÃ¼beck
82,83,Peter Cremer Holding GmbH & Co. KG,"2,000",Cremer,1946,Industrial Manufacturing,Hamburg
83,84,PHW Group,"6,979",Wesjohann,1932,Foods and Beverages,Visbek
84,85,Leopold Kostal GmbH & Co. KG,"17,946",Kostal,1912,Technology,LÃ¼denscheid
85,86,Hellmann Worldwide Logistics GmbH & Co. KG,"13,034",Hellmann,1871,Transportation and Logistics,OsnabrÃ¼ck
86,87,Fuchs Petrolub SE,"5,456",Fuchs,1931,Industrial Manufacturing,Mannheim
87,88,Alfred KÃ¤rcher SE & Co. KG,"12,300",KÃ¤rcher,1935,Industrial Manufacturing,Winnenden
88,89,Vaillant Group,"12,070",Vaillant,1874,Industrial Manufacturing,Remscheid
89,90,Bauer Media Group,"11,500",Bauer,1875,Media and Entertainment,Hamburg
90,91,Aton GmbH,"18,678",Helmig,1969,Financial Services,MÃ¼nchen
91,92,Neumann Group,"2,000",Neumann,1934,Foods and Beverages,Hamburg
92,93,Friedhelm Loh Stiftung & Co. KG,"11,500",Loh,1961,Industrial Manufacturing,Haiger
93,94,AVAG Holding SE,"5,200",Still,1915,Retail,Augsburg
94,95,"Skion GmbH (aka Altana, â¦)","6,323",Klatten,1873,Industrial Manufacturing,Wesel
95,96,Muhr und Bender KG,"13,000",Muhr,1916,Automotive,Attendorn
96,97,Phoenix Contact GmbH & Co. KG,"16,500",Eisert,1923,Industrial Manufacturing,Blomberg
97,98,EBM-Papst Group,"15,000","Sturm, Philippiak, Ziehl",1963,Profe ional Services,Mulfingen
98,99,Cronimet Holding GmbH,"1,578",Pillarsky,1980,Industrial Manufacturing,Karlsruhe
99,100,EW Group GmbH,"10,373",Wesjohann,1932,Pharmaceuticals and Life Sciences,Visbek
100,101,KSB SE & Co. KGaA,"15,713",KÃ¼hborth,1871,Industrial Manufacturing,Frankenthal
101,102,Vie mann Werke GmbH & Co. KG,"12,100",Vie mann,1917,Industrial Manufacturing,Allendorf
102,103,Giesecke & Devrient GmbH,"11,389",von Mitschke-Collande,1852,Profe ional Services,MÃ¼nchen
103,104,Bernard Krone Holding GmbH & Co. KG,"4,558",Krone,1906,Industrial Manufacturing,Spelle
104,105,Schmitz Cargobull AG,"6,400","Schmitz, Hoffmann",1892,Industrial Manufacturing,Horstmar
105,106,Haribo Holding GmbH & Co. KG,"7,000",Riegel,1920,Foods and Beverages,Grafschaft
106,107,RÃ¶chling SE & Co. KG,"10,929",RÃ¶chling,1822,Industrial Manufacturing,Mannheim
107,108,Hartmann Group,"10,616","Schleicher, Hartmann",1818,Healthcare,Heidenheim
108,109,"Allegro Invest SE (aka Fre napf, â¦)","12,300",Toeller,1990,Financial Services,Krefeld
109,110,Aveco Holding AG (aka Wisag Facility Service Holding GmbH),"49,703",Wi er,1965,Profe ional Services,Frankfurt am Main
110,111,Rohde & Schwarz GmbH & Co. KG,"11,500","Rohde, Schwarz",1933,Technology,MÃ¼nchen
111,112,GeorgsmarienhÃ¼tte Holding GmbH,"6,830",Gro mann,1856,Industrial Manufacturing,GeorgsmarienhÃ¼tte
112,113,Hager SE,"11,500",Hager,1955,Industrial Manufacturing,Blieskastel
113,114,Nagel Logistik-Holding GmbH & Co. KG,"12,600",Nagel,1935,Transportation and Logistics,Versmold
114,115,Diersch & SchrÃ¶der GmbH & Co. KG,400,Karstedt,1920,Industrial Manufacturing,Bremen
115,116,KrÃ¼ger GmbH & Co. KG,"4,800","KrÃ¼ger, Pfeifer and Langen",1971,Foods and Beverages,Bergisch Gladbach
116,117,"JM Holding GmbH & Co. KGaA (aka Jakob Muller Gmbh & Co. KG, Renolit, ...)","7,500",MÃ¼ller,1946,Industrial Manufacturing,Worms
117,118,Du mann Stiftung & Co. KG Auf Aktien,"64,500",Du mann,1963,Profe ional Services,Berlin
118,119,New Yorker SE,"10,761",Knapp,1971,Retail,Braunschweig
119,120,Alltours Flugreisen GmbH,"3,700",Verhuven,1974,Profe ional Services,DÃ¼ eldorf
120,121,Alba Plc & Co. KGaA,"7,800",Schweitzer,1968,Profe ional Services,Berlin
121,122,Meyer Neptun Group,"3,713",Meyer,1795,Industrial Manufacturing,Papenburg
122,123,Westfalen AG,"1,600",Fritsch-Albert,1923,Energy and Utilities,MÃ¼nster
123,124,Wacker Neuson SE,"5,370","Wacker, Neunteufel",1848,Industrial Manufacturing,MÃ¼nchen
124,125,Kaefer Isoliertechnik GmbH & Co. KG,"27,000",Koch,1918,Industrial Manufacturing,Bremen
125,126,SchÃ¼tz-Werke GmbH & Co. KG,"4,473",SchÃ¼tz,1958,Industrial Manufacturing,Selters
126,127,Krau -Maffei Wegmann GmbH & Co. KG,"4,985","Bode, Braunbehrens, vonMaydell, Sethe",1930,Industrial Manufacturing,MÃ¼nchen
127,128,Gottfried Schultz GmbH & Co. KG,"1,954",Rademacher,1924,Retail,Ratingen
128,129,Max BÃ¶gl Stiftung & Co. KG,"6,500",BÃ¶gl,1929,Industrial Manufacturing,Sengenthal
129,130,Elringklinger AG,"10,429",Lechler,1879,Automotive,Dettingen an der Erms
130,131,Haubrich Zentrale GmbH & Co. KG (aka ElectronicPartner),"3,200",Haubrich,1937,Financial Services,DÃ¼ eldorf
131,132,Karl Storz SE & Co. KG,"6,716",Storz,1945,Healthcare,Tuttlingen
132,133,J. BÃ¼nting Beteiligungs AG,"14,275",Klopp,1806,Consumer Products,Leer
133,134,Fielmann AG,"19,379",Fielmann,1972,Retail,Hamburg
134,135,Sick AG,"9,737","Sick, Glaser",1946,Technology,Waldkirch
135,136,Te ner Holding KG,"8,000",Te ner,1969,Retail,Goslar
136,137,Sartorius AG,"8,500","Sartorius-Herbst, Franken, Baro, Sartorius",1870,Healthcare,GÃ¶ttingen
137,138,Palm Papier GmbH & Co. KG,"4,000",Palm,1872,Financial Services,Aalen
138,139,Kromberg & Schubert GmbH,"42,567",Kromberg,1902,Automotive,Renningen
139,140,StrÃ¶er SE & Co. KGaA,"12,514","StrÃ¶er, MÃ¼ller",1990,Media and Entertainment,KÃ¶ln
140,141,Melitta Unternehmensgruppe Bentz KG,"4,550",Bentz,1908,Consumer Products,Minden
141,142,Bauer AG,"11,797","Bauer, Teschemacher",1790,Industrial Manufacturing,Schrobenhausen
142,143,DÃ¶hler Group SE,"6,000","Gemmer, Klein",1838,Foods and Beverages,Darmstadt
143,144,"Fritz SchÃ¤fer GmbH & Co KG, Einrichtung ysteme","9,195",SchÃ¤fer,1937,Profe ional Services,Neunkirchen
144,145,Kirchhoff Automotive Holding GmbH & Co. KG,"8,584",Kichhoff,1785,Financial Services,Iserlohn
145,146,Peri-Werk Artur SchwÃ¶rer GmbH & Co. KG,"9,500",SchwÃ¶rer,1969,Industrial Manufacturing,WeiÃenhorn
146,147,Bpw Bergische Achsen KG,"7,196",Kotz,1898,Automotive,Wiehl
147,148,LÃ¼r en Maritime Beteiligungen GmbH & Co. KG,"2,676",LÃ¼rÃen,1875,Industrial Manufacturing,Bremen
148,149,Grob-Werke Burkhart Grob E.K.,"6,600",Grob,1926,Industrial Manufacturing,Mindelheim
149,150,Hochland Holding GmbH & Co. KG,"4,521","Wagner-Summer, Reich",1927,Foods and Beverages,Heimenkirch
150,151,Zollner Elektronik AG,"11,000",Zollner,1965,Technology,Zandt
151,152,Dohle Handelsgruppe Holding GmbH & Co. KG,"6,100",Dohle,1972,Consumer Products,Siegburg
152,153,Heristo Holding GmbH,"2,894",Risken,1913,Foods and Beverages,Bad Rothenfelde
153,154,Friedrich Boysen Holding GmbH,"1,667",Boysen,1945,Automotive,Altensteig
154,155,Wilo SE,"7,802",OplÃ¤nder,1872,Industrial Manufacturing,Dortmund
155,156,Peek & Cloppenburg KG,"12,300",Cloppenburg,1901,Retail,DÃ¼ eldorf
156,157,Krieger Group,"6,041",Krieger,1874,Retail,SchÃ¶nefeld
157,158,Deutsche VermÃ¶gensberatung Holding GmbH,"3,400",Pohl,1975,Financial Services,Marburg
158,159,Fiege Logistik Holding Stiftung & Co. KG,"12,952",Fiege,1873,Transportation and Logistics,Greven
159,160,S.Oliver Bernd Freier GmbH & Co. KG,"7,120",Freier,1969,Consumer Products,Rottendorf
160,161,Schauinsland-Reisen GmbH,430,Ka ner,1918,Profe ional Services,Duisburg
161,162,Senger Group GmbH,"2,700",Senger,1953,Retail,Rheine
162,163,GrÃ¼nenthal Pharma GmbH & Co. KG,"5,471",Wirtz,1946,Pharmaceuticals and Life Sciences,Aachen
163,164,Verlagsgruppe Georg von Holtzbrinck GmbH,"4,816","Schoeller, von Holtzbrinck",1931,Media and Entertainment,Stuttgart
164,165,HÃ¤fele GmbH & Co. KG,"7,600","HÃ¤fele, Thierer",1923,Industrial Manufacturing,Nagold
165,166,Leonhard Wei  GmbH & Co. KG,"5,107","Wei , Schmidt-Wei ",1900,Industrial Manufacturing,Satteldorf
166,167,Trimet SE,"1,619",SchlÃ¼ter,1985,Industrial Manufacturing,E en
167,168,C. Thywi en GmbH,120,"Thywi en, Baum",1839,Foods and Beverages,Neu 
168,169,Me er Industrie GmbH,"5,805",Me er,1897,Industrial Manufacturing,Bad Soden
169,170,Bitburger Holding GmbH,"4,346","Simon, Niewodniczanski",1817,Foods and Beverages,Bitburg
170,171,BMV MineralÃ¶l Versorgungsgesellschaft mbH,130,"SchÃ¶nherr, El Obeid",1986,Energy and Utilities,Berlin
171,172,Delton AG,"5,383",Quandt,1989,Transportation and Logistics,Bad Homburg vor der HÃ¶he
172,173,Sto SE & Co. KGaA,"5,333",Stotmeister,1955,Industrial Manufacturing,StÃ¼hlingen
173,174,Otto Krahn (GmbH & Co.) KG,"1,381",Krahn,1909,Industrial Manufacturing,Hamburg
174,175,Richter + Frenzel GmbH + Co. KG,"3,600",Stahl,1895,Industrial Manufacturing,WÃ¼rzburg
175,176,Marquardt GmbH,"11,226",Marquardt,1925,Industrial Manufacturing,Rietheim-Weilheim
176,177,Stulz GmbH,"7,182",Stulz,1947,Industrial Manufacturing,Hamburg
177,178,RÃ¶hlig Logistics GmbH & Co. KG,"2,200","Herwig, Belz",1852,Transportation and Logistics,Bremen
178,179,DAW SE,"5,688",Murjahn,1895,Industrial Manufacturing,Ober-Ramstadt
179,180,Herrenknecht Group,"5,426",Herrenknecht,1977,Industrial Manufacturing,Schwanau
180,181,Rosenberger GmbH & Co. KG,"11,000",Rosenberger,1958,Financial Services,Fridolfing
181,182,Bofrost Stiftung,"11,019",Boquoi,1966,Foods and Beverages,Straelen
182,183,Auktion & Markt AG,281,Muth,1988,Retail,Wiesbaden
183,184,Depenbrock Group,560,Depenbrock,1928,Industrial Manufacturing,Stemwede
184,185,Hoffmann Group,"3,300","Bleicher, Januschke",1919,Financial Services,MÃ¼nchen
185,186,Papier - Mettler Inhaber Michael Mettler,"3,900",Mettler,1957,Industrial Manufacturing,Morbach
186,187,Dr. Johannes Heidenhain GmbH,"7,915",Heidenhain,1889,Technology,Traunreut
187,188,Hoyer GmbH Internationale Fachspedition,"6,032",Hoyer,1946,Transportation and Logistics,Hamburg
188,189,Beiselen Holding GmbH,700,Schuler,1890,Financial Services,Ulm
189,190,E.G.O. Blanc und Fischer & Co. GmbH,"6,000","Blanc, Fischer",1925,Technology,Oberderdingen
190,191,Cts Eventim AG & Co. KGaA,"2,945",Schulenberg,1989,Media and Entertainment,Bremen
191,192,Biesterfeld AG,800,Biesterfeld,1906,Industrial Manufacturing,Hamburg
192,193,Borbet GmbH,"4,800",Borbet,1881,Automotive,Hallenberg-Hesborn
193,194,Hirschvogel Holding GmbH,"5,481","Hirschvogel, Britzger",1938,Automotive,Denklingen
194,195,SÃ¼dwest Beteiligungen GmbH,"1,700","Seizinger, Weitzmann",1900,Industrial Manufacturing,Eberbach
195,196,Wernsing Food Family GmbH & Co. KG,"3,550",Wernsing,1962,Foods and Beverages,Addrup-E en
196,197,GÃ¼hring KG,"8,000",GÃ¼hring,1898,Industrial Manufacturing,Albstadt
197,198,EHG Service GmbH,"12,000",Ernsting,1968,Retail,Coesfeld
198,199,Berner SE,"8,500",Berner,1957,Industrial Manufacturing,KÃ¼nzelsau
199,200,KÃ¶ster Group,"1,663",KÃ¶ster,1938,Industrial Manufacturing,OsnabrÃ¼ck
200,201,Otto Bock Holding GmbH & Co.KG,"7,819",NÃ¤der,1919,Industrial Manufacturing,Duderstadt
201,202,Katag AG,300,Terberger,1923,Consumer Products,Bielefeld
202,203,Merz Holding GmbH & Co.KG,"3,300","Baatz, HÃ¼ckmann, Meyer, Nick",1908,Pharmaceuticals and Life Sciences,Frankfurt am Main
203,204,Hansen & Rosenthal KG,"1,634",Hansen,1919,Industrial Manufacturing,Hamburg
204,205,Siegwerk GmbH & Co. KG,"4,991",Keller,1830,Industrial Manufacturing,Siegburg
205,206,Schnellecke Group AG & Co. KG,"16,112",Schnellecke,1939,Transportation and Logistics,Wolfsburg
206,207,Conrad Holding SE,"2,314",Conrad,1923,Retail,Hirschau
207,208,Wellergruppe GmbH & Co. KG,"2,353","Weller, Hellmann",1979,Retail,Berlin
208,209,Porta Holding GmbH & Co. KG,"7,175","GÃ¤rtner, Fahrenkamp",1965,Retail,Porta Westfalica
209,210,HÃ¶rmann KG Verkaufsgesellschaft,"6,000",HÃ¶rmann,1935,Industrial Manufacturing,Steinhagen
210,211,Prettl Produktions Holding GmbH,"12,800",Prettl,1953,Automotive,Pfullingen
211,212,Jakob Funke Medien Beteiligungs GmbH & Co. KG,"7,009","Schubries, Holthoff-PfÃ¶rtner, Becker, Marx, Wilcke",1948,Media and Entertainment,E en
212,213,Robert Klingel Ohg,"2,928",Kohm,1920,Financial Services,Pforzheim
213,214,Veka AG,"5,595","Hartleif, Laumann",1969,Industrial Manufacturing,Sendenhorst
214,215,Multivac SEpp HaggenmÃ¼ller SE & Co. KG,"5,731","HaggenmÃ¼ller, Vetter, Brenne",1961,Industrial Manufacturing,Wolfertschwenden
215,216,Serviceplan Gruppe fÃ¼r Innovative Kommunikation GmbH & Co. KG,"1,917",Haller,1970,Media and Entertainment,MÃ¼nchen
216,217,KWS Saat SE,"5,147","BÃ¼chting, Oetker, Giesecke",1856,Foods and Beverages,Einbeck
217,218,Schoeller Holding SE & Co. KGaA,"4,200",Schoeller,1880,Industrial Manufacturing,Pullach
218,219,Viega Holding GmbH & Co. KG,"4,000",Viegener,1899,Industrial Manufacturing,Attendorn
219,220,Hettich Holding GmbH & Co. Ohg,"6,700",Hettich,1888,Industrial Manufacturing,Kirchlengern
220,221,Huf HÃ¼lsbeck & FÃ¼rst GmbH & Co. KG,"7,500",HÃ¼lsbeck,1908,Automotive,Velbert
221,222,Lapp Holding AG,"3,770",Lapp,1959,Industrial Manufacturing,Stuttgart
222,223,Rutronik Elektronische Bauelemente GmbH,"1,700",Rudel,1973,Technology,Ispringen
223,224,Alois Dallmayr KG,"4,122","Wille, Randlkofer",1700,Foods and Beverages,MÃ¼nchen
224,225,Wortmann Schuh-Holding KG,"1,154",Wortmann,1967,Consumer Products,Detmold
225,226,Pfeifer & Langen Group,"2,400",Pfeifer and Langen,1962,Foods and Beverages,KÃ¶ln
226,227,Engelbert Strau  GmbH & Co KG,"1,300",Strau ,1948,Profe ional Services,BiebergemÃ¼nd
227,228,Zott SE & Co. KG,"2,983",Weber,1926,Foods and Beverages,Mertingen
228,229,Dalli-Werke GmbH & Co. KG,"1,897",Wirtz,1851,Consumer Products,Stolberg
229,230,Wepa Industrieholding SE,"2,900",Krengel,1948,Consumer Products,Arnsberg
230,231,Dr. Willmar Schwabe GmbH & Co. KG,"3,600",Schwabe,1866,Pharmaceuticals and Life Sciences,Karlsruhe
231,232,Harry-Brot GmbH,"5,500",Holthausen,1688,Foods and Beverages,Schenefeld
232,233,Franz-Josef Rothkotter GmbH & Co. KG,"2,473",RothkÃ¶tter,1959,Foods and Beverages,Meppen
233,234,Eckes AG,"1,747",Eckes-ChantrÃ©,1857,Foods and Beverages,Nieder-Olm
234,235,Max Aicher Group,"4,000",Aicher,1924,Industrial Manufacturing,Freila ing
235,236,Wika Alexander Wiegand SE & Co. KG,"10,000",Wiegand,1946,Technology,Klingenberg
236,237,Nobilia Holding GmbH,"2,914",Stickling,1945,Consumer Products,Verl
237,238,Dennree GmbH,"5,530",Greim,1974,Consumer Products,TÃ¶pen
238,239,Kaeser Kompre oren SE,"6,000",Kaeser,1919,Industrial Manufacturing,Coburg
239,240,Meggle AG,"2,383",Meggle,1887,Foods and Beverages,Wa erburg am Inn
240,241,Getreide AG,376,Rothe,1882,Consumer Products,Hamburg
241,242,Wolff & MÃ¼ller Holding GmbH & Co. KG,"2,000",DÃ¼rr,1936,Industrial Manufacturing,Stuttgart
242,243,Hall Tabakwaren E.K.,451,"Hall, Reisen-Hall",1903,Retail,MÃ¶nchengladbach
243,244,Wago Holding GmbH,"8,649",Hohorst,1951,Technology,Minden
244,245,I. K. Hofmann GmbH,"25,000",Hofmann,1985,Profe ional Services,NÃ¼rnberg
245,246,Borgers Group,"7,200",Borgers,1866,Automotive,Bocholt
246,247,BEUMER Group GmbH & Co. KG,"4,500",Beumer,1935,Industrial Manufacturing,Beckum
247,248,Hellweg Die Profi-BaumÃ¤rkte GmbH & Co. KG,"4,600",Semer,1971,Retail,Dortmund
248,249,Big Dutchman Aktiengeselischaft,"3,268",Meerpohl,1938,Industrial Manufacturing,Vechta
249,250,Beckhoff Automation Group,"4,300",Beckhoff,1980,Technology,Verl
250,251,Ferchau Holding GmbH & Co. KG,"9,500",Ferchau,1966,Financial Services,Gummersbach
251,252,C.D. WÃ¤lzholz KG,"2,073",Junius,1829,Industrial Manufacturing,Hagen
252,253,Fahrzeug-Werke Lueg AG,"1,400",Lueg,1868,Profe ional Services,Bochum
253,254,WindmÃ¶ller & HÃ¶lscher KG,"2,950",WindmÃ¶ller,1869,Industrial Manufacturing,Lengerich
254,255,Ifm electronic GmbH,"5,949","Marhofer, Buck",1969,Technology,E en
255,256,Msg Group GmbH,"6,849",Zehetmaier,1980,Technology,Ismaning
256,257,Albert Handtmann Holding Verwaltungs-GmbH,"3,700",Handtmann,1873,Profe ional Services,Biberach an der Rib
257,258,Apetito AG,"9,418",DÃ¼sterberg,1958,Profe ional Services,Rheine
258,259,Gerry Weber International AG,"6,900","Weber, Hardieck",1973,Consumer Products,Halle
259,260,Fischer Holding GmbH & Co. KG,"5,200",Fischer,1948,Industrial Manufacturing,Waldachtal
260,261,Klingele Papierwerke GmbH & Co. KG,"2,500",Klingele,1920,Industrial Manufacturing,Remshalden
261,262,Vo loh AG,"3,925",Thiele,1888,Industrial Manufacturing,Werdohl
262,263,huber group,"3,500",Huber,1765,Industrial Manufacturing,Kirchheim
263,264,Ehrmann AG,"2,600",Ehrmann,1920,Foods and Beverages,OberschÃ¶negg
264,265,C. & A. Veltins GmbH & Co. KG,"1,545",Veltins,1824,Foods and Beverages,Meschede-Grevenstein
265,266,Leonhard Kurz Stiftung & Co. KG,"5,113",Kurz,1899,Industrial Manufacturing,FÃ¼rth
266,267,Friedrich Scharr KG,624,Scharr,1883,Energy and Utilities,Stuttgart
267,268,Rei er AG,"1,557",ReiÃer,1871,Industrial Manufacturing,BÃ¶blingen
268,269,Thalia BÃ¼cher GmbH,"5,060","Herder, GÃ¶ritz, Busch, Kreke",1919,Retail,Hagen
269,270,Rauch GmbH & Co. KG,"1,600",Rauch,1879,Consumer Products,Freudenberg
270,271,SchÃ¶n Holding GmbH & Co. KG,"10,600",SchÃ¶n,1985,Healthcare,Prien am Chiemsee
271,272,Lindner Group KG,"6,622",Lindner,1965,Industrial Manufacturing,Arnstorf
272,273,Bos GmbH & Co. KG,"8,000","Baumeister, Schmid",1910,Automotive,Ostfildern
273,274,WeidmÃ¼ller Holding AG & Co. KGaA,"4,900",GlÃ¤sel,1850,Technology,Detmold
274,275,Persona Service AG & Co. KG,"19,000","MÃ¼ller, SchrÃ¶ter",1967,Profe ional Services,LÃ¼denscheid
275,276,Villeroy & Boch AG,"7,461","von Boch-Galhau, Villeroy de Galhau",1748,Industrial Manufacturing,Mettlach
276,277,Bericap Capital GmbH & Co KG,"3,650",KrautkrÃ¤mer,1926,Industrial Manufacturing,Budenheim
277,278,Ernst Dello GmbH & Co. KG,"1,700","Ravenborg, KrÃ¶ger, Kreidel",1898,Retail,Hamburg
278,279,Notebooksbilliger.de,398,"Von Wedemeyer, Haubrichs",1989,Retail,Sarstedt
279,280,Koehler Holding GmbH & Co. KG,"1,915",Furler,1807,Industrial Manufacturing,Oberkirch
280,281,KlÃ¼h Service Management GmbH,"50,000",KlÃ¼h,1911,Profe ional Services,DÃ¼ eldorf
281,282,"Hans SegmÃ¼ller, PolstermÃ¶belfabrik GmbH & Co. KG","3,522",SegmÃ¼ller,1925,Consumer Products,Friedberg
282,283,Autohaus Glinicke GmbH,"1,600",Glinicke,1930,Retail,Ka el
283,284,BrÃ¼der Schlau GmbH & Co. KG,"6,464",Beeth,1921,Retail,Porta Westfalica
284,285,Printus-Group,"1,600",Schmid,1977,Profe ional Services,Offenburg
285,286,Lenze SE,"3,613","Belling, Finger, Herbert",1947,Industrial Manufacturing,Aerzen
286,287,Kamax Holding GmbH & Co. KG,"3,310",Kellermann,1935,Automotive,Homberg
287,288,Schorghuber Stiftung & Co. Holding KG,"2,707",SchÃ¶rghuber,1954,Industrial Manufacturing,MÃ¼nchen
288,289,Rational AG,"2,166",Meister,1973,Industrial Manufacturing,Landsberg am Lech
289,290,Hahn Automobil-Holding GmbH,"1,800",Hahn,1919,Retail,Fellbach
290,291,Bitzer SE,"3,500",Schaufler,1934,Industrial Manufacturing,Sindelfingen
291,292,Schwenk Zement KG,"3,073",Schleicher,1847,Industrial Manufacturing,Ulm
292,293,Grillo-Werke AG,"1,423",Grillo,1842,Industrial Manufacturing,Duisburg
293,294,Krombacher Brauerei Bernhard Schadeberg GmbH & Co. KG,997,Schadeberg,1803,Foods and Beverages,Kreuztal
294,295,Autohaus Jacob Fleischhauer GmbH & Co. KG,"1,150",Franz,1924,Retail,KÃ¶ln
295,296,Alnatura Produktions- und Handels GmbH,"2,980",Rehn,1984,Consumer Products,Darmstadt
296,297,Felix Schoeller Holding GmbH & Co. KG,"2,230",Gallenkamp,1895,Industrial Manufacturing,OsnabrÃ¼ck
297,298,Geis Holding GmbH & Co. KG,"6,438",Geis,1948,Transportation and Logistics,Bad Neustadt an der Saale
298,299,Reinhausen Group,"3,404",Scheubeck,1868,Industrial Manufacturing,Regensburg
299,300,SMA Solar Technology AG,"3,000","Cramer, Drews, Wettlaufer",1981,Technology,Niestetal
300,301,Sprehe Unternehmensgruppe,"2,181",Sprehe,1987,Foods and Beverages,Lorup
301,302,Harting AG & Co. KG,"4,980",Harting,1945,Industrial Manufacturing,Espelkamp
302,303,Wanzl GmbH & Co. Holding KG,"4,900",Wanzl,1918,Profe ional Services,Leipheim
303,304,Eder Familien Holding GmbH & Co. KG,"1,992",Eder,1487,Industrial Manufacturing,Tuntenhausen
304,305,Klett Gruppe,"6,641",Klett,1897,Media and Entertainment,Stuttgart
305,306,Arburg GmbH + Co KG,"3,000","Hehl, Keinath",1923,Industrial Manufacturing,LoÃburg
306,307,Igus GmbH,"4,150",Blase,1964,Industrial Manufacturing,KÃ¶ln
307,308,geobra BrandstÃ¤tter Stiftung & Co. KG (aka Playmobil),"4,635",BrandstÃ¤tter,1876,Consumer Products,Zirndorf
308,309,Groz-Beckert KG,"9,282","Groz, Lindner",1852,Industrial Manufacturing,Albstadt
309,310,Eisenmann SE,"3,198",Eisenmann,1951,Industrial Manufacturing,BÃ¶blingen
310,311,Layher Holding GmbH & Co. KG,"1,939","Layher, Langer",1945,Industrial Manufacturing,GÃ¼glingen
311,312,Gelita AG,"2,548",Koepff,1875,Industrial Manufacturing,Eberbach
312,313,Stockmeier Holding GmbH,"1,174",Stockmeier,1920,Industrial Manufacturing,Bielefeld
313,314,ACO Severin Ahlmann GmbH & Co KG,"4,618",Ahlmann,1946,Industrial Manufacturing,BÃ¼delsdorf
314,315,F. E. R. fischer Edelstahlrohre GmbH,"2,450",Fischer,1969,Industrial Manufacturing,Achern
315,316,Kathrein-Werke KG,"7,600",Kathrein,1919,Technology,Rosenheim
316,317,G. Siempelkamp GmbH & Co. KG,"2,935",Siempelkamp,1883,Industrial Manufacturing,Krefeld
317,318,Schatt Holding GmbH,"1,996",Schatt,1985,Industrial Manufacturing,Thansau
318,319,Georg Jos. Kaes GmbH,"2,410",Hermann,1865,Consumer Products,Mauerstetten
319,320,Compugroup Medical SE,"5,000",Gotthardt,1987,Healthcare,Koblenz
320,321,Simba Toys GmbH & Co. KG,"4,140",Sieber,1982,Consumer Products,FÃ¼rth
321,322,Walter Klein Group (WKW),"4,571",Mayer,1940,Automotive,Wuppertal
322,323,Autohaus Wolfsburg Heitmann GmbH U. Co. KG,"1,973","Heitmann, Hotz",1952,Retail,Wolfsburg
323,324,Gegenbauer Holding SE & Co. KG,"17,947",Gegenbauer,1925,Profe ional Services,Berlin
324,325,WÃ¼nsche GmbH & Co. KG,"1,080",WÃ¼nsche,1934,Consumer Products,Hamburg
325,326,Rheinisch-Bergische Verlagsges. Mbh,"5,428","Arnold, Betz, Droste, Alt, Ebel",1946,Media and Entertainment,DÃ¼ eldorf
326,327,Eppendorf AG,"3,367","Hinz, Netheler",1945,Pharmaceuticals and Life Sciences,Hamburg
327,328,Wortmann AG,580,"Wortmann, Knicker",1986,Technology,HÃ¼llhorst
328,329,Autohaus Heermann und Rhein GmbH,"1,165",Rhein,1924,Retail,Heilbronn
329,330,Woco GmbH & Co. KG,"6,456",Wolf,1956,Automotive,Bad Soden-SalmÃ¼nster
330,331,Scherdel GmbH,"5,500",Scherdel,1890,Industrial Manufacturing,Marktredwitz
331,332,Hugo Kern und Liebers GmbH & Co. KG Platinen- und Federnfabrik,"8,000",Steim,1888,Industrial Manufacturing,Schramberg
332,333,Beresa GmbH & Co. KG,"1,030","Longerich, Ahlemeyer, Kirchhoff",1911,Retail,MÃ¼nster
333,334,Graf Hardenberg GmbH,"1,332",Hardenberg,1919,Retail,Karlsruhe
334,335,Pfeiffer & May SE,"2,500","Pfeiffer, May",1906,Industrial Manufacturing,Karlsruhe
335,336,Bremer AG,686,Bremer,1947,Industrial Manufacturing,Paderborn
336,337,J. Bauer GmbH & Co. KG,"1,500",Bauer,1887,Foods and Beverages,Wa erburg am Inn
337,338,Verlagsgesellschaft Madsack GmbH & Co. KG,"3,563",Madsack,1893,Media and Entertainment,Hannover
338,339,Biotronik SE & Co. KG,"4,500",Schaldach,1963,Healthcare,Berlin
339,340,E. Breuninger,"5,373","Van Agtmael, Meilicke, Bretschneider, Seidel",1881,Retail,Stuttgart
340,341,Mewa Textil-Service AG,"5,600",Gebauer,1908,Retail,Wiesbaden
341,342,Zentis GmbH & Co. KG,"2,001","DÃ¶ring, Zentis, Goerdt",1893,Foods and Beverages,Aachen
342,343,Allgeier SE,"9,600","DÃ¼rschmidt, Dinsel",1977,Technology,MÃ¼nchen
343,344,JCK Holding,"1,531","Kollmann, GÃ¼ldenpfennig",1838,Consumer Products,QuakenbrÃ¼ck
344,345,Sennheiser electronic GmbH & Co. KG,"2,726",Sennheiser,1945,Consumer Products,Wedemark
345,346,SchwanhÃ¤uÃer Industrie Holding GmbH & Co. KG,"4,899",SchwanhÃ¤uÃer,1855,Profe ional Services,Heroldsberg
346,347,"Lexzau, Scharbau GmbH & Co. KG","2,000",Conrad,1879,Transportation and Logistics,Bremen
347,348,BrÃ¼ckner Verwaltungsges. Mbh,"2,600",BrÃ¼ckner,1960,Financial Services,Siegsdorf
348,349,C. Melchers GmbH & Co. KG,"1,545","Melchers, Helms, Clau en",1806,Industrial Manufacturing,Bremen
349,350,OQEMA AG,807,Overlack,1922,Industrial Manufacturing,MÃ¶nchengladbach
350,351,Thomas Duvenbeck Holding GmbH,"5,900",Duvenbeck,1932,Transportation and Logistics,Bocholt
351,352,Bizerba GmbH & Co. KG,"4,146",Kraut,1866,Technology,Balingen
352,353,Wuppermann AG,"1,492",Wuppermann,1872,Industrial Manufacturing,Leverkusen
353,354,Lambertz Beteiligungs GmbH,"4,000",Buehlbecker,1688,Foods and Beverages,Aachen
354,355,Hoberg & Driesch GmbH,"2,398","Hoberg, Driesch",1948,Industrial Manufacturing,DÃ¼ eldorf
355,356,Siegfried Jacob Metallwerke GmbH & Co. KG,"1,246",Jacob,1953,Profe ional Services,Ennepetal
356,357,Erwo Holding AG,"3,200",Steger,1918,Consumer Products,Schwaig
357,358,A. W. Faber-Castell Unternehmensverwaltung GmbH,"8,785",Faber-Castell,1761,Financial Services,Stein
358,359,Rosier Holding GmbH & Co. KG,"1,180",Rosier,1927,Retail,Menden
359,360,Ara AG,"9,570",RÃ¶seler,1949,Consumer Products,Langenfeld
360,361,L&O Group,"2,603","LÃ¼ke, Ortmeier",1912,Profe ional Services,Emsdetten
361,362,Trilux GmbH & Co. KG,"5,000",Lenze,1912,Industrial Manufacturing,Arnsberg
362,363,Roto Frank AG,"4,600",Frank,1935,Industrial Manufacturing,Leinfelden-Echterdingen
363,364,Nord Drivesystems KG,"3,338",KÃ¼chenmeister,1965,Industrial Manufacturing,Bargteheide
364,365,Fev Group GmbH,"5,826",Pischinger,1978,Automotive,Aachen
365,366,Topp Holding AG / Libri,"1,089",Wolfgang und Michael Herz,1928,Retail,Hamburg
366,367,Wilhelm BÃ¶llhoff GmbH & Co. KG,"3,100",BÃ¶llhoff,1877,Industrial Manufacturing,Bielefeld
367,368,Gebr. Dingerkus GmbH & Co. KG.,"4,200",Hillesheim,1910,Automotive,Attendorn
368,369,TTS Tooltechnic Systems AG & Co. KG,"2,800",Maier-Stoll,1925,Industrial Manufacturing,Wendlingen
369,370,Witte Automotive GmbH,"5,300",GÃ¶lz,1899,Automotive,Velbert
370,371,Pepperl + Fuchs GmbH,"6,000","MÃ¼ller-Michael, Fuchs",1945,Technology,Mannheim
371,372,Veritas AG,"3,807","Hehl, Krebaum-Marschollek",1849,Automotive,Gelnhausen
372,373,Witzenmann GmbH,"4,300","von Trotha, Witzenmann",1854,Industrial Manufacturing,Pforzheim
373,374,Kohl Medical AG,800,Kohl,1979,Healthcare,Merzig
374,375,Medien Union GmbH,"3,648","Schaub, Lenk, Rei , ...",1945,Media and Entertainment,Ludwigshafen am Rhein
375,376,Mapal Fabrik fÃ¼r PrÃ¤zisionswerkzeuge Dr. Kre  KG,"5,133",Kre ,1950,Industrial Manufacturing,Aalen
376,377,Dumont Mediengruppe GmbH & Co.KG,"4,000","DuMont SchÃ¼tte, Neven DuMont",1620,Media and Entertainment,KÃ¶ln
377,378,Karl Mayer Holding GmbH & Co. KG,"2,500","Mayer, Forker",1937,Industrial Manufacturing,Obertshausen
378,379,Samson AG,"4,400","Sandvo , Nothdurft",1907,Industrial Manufacturing,Frankfurt am Main
379,380,Max Weishaupt GmbH,"3,580",Weishaupt,1932,Industrial Manufacturing,Schwendi
380,381,Sarstedt AG & Co. KG,"2,700",Sarstedt,1961,Healthcare,NÃ¼mbrecht
381,382,Autohaus Adelbert Moll GmbH & Co. KG,528,Moll,1932,Retail,DÃ¼ eldorf
382,383,Tiemeyer Automobile AG,"1,166",Tiemeyer,1953,Retail,Bochum
383,384,Gp GÃ¼nter Papenburg AG,"3,500",Papenburg,1963,Industrial Manufacturing,Hannover
384,385,Frischli Milchwerke GmbH,743,"SchÃ¤kel, Holtorf, Winkelmann",1901,Foods and Beverages,Rehburg-Loccum
385,386,HÃ¤cker KÃ¼chen GmbH & Co. KG,"1,500",Finkemeier,1898,Consumer Products,RÃ¶dinghausen
386,387,Fruchthof Nagel GmbH,142,LÃ¶ffler,1949,Foods and Beverages,Neu-Ulm
387,388,Lohmann & Rauscher International GmbH & Co KG.,"4,474",Barthu.a.,1851,Healthcare,Neuwied
388,389,Fricke Group GmbH & Co. KG,"2,842",Fricke,1923,Industrial Manufacturing,Heeslingen
389,390,HÃ¶rmann Holding GmbH & Co. KG,"3,200",HÃ¶rmann,1955,Industrial Manufacturing,Kirchseeon
390,391,Scherer Holding GmbH & Co. KG,"1,900",Scherer,1937,Industrial Manufacturing,Simmern
391,392,Thimm Holding GmbH + Co. KG,"3,028",Thimm,1949,Industrial Manufacturing,Northeim
392,393,Vetter Pharma-Fertigung GmbH & Co. KG,"4,500",Vetter,1950,Healthcare,Ravensburg
393,394,Dehner GmbH & Co. KG,"5,000",Weber,1947,Retail,Rain
394,395,Gebr. HÃ¼ttenes GmbH & Co. KG,"1,444","HÃ¼ttenes, Kuhlgatz",1905,Industrial Manufacturing,DÃ¼ eldorf
395,396,Leipa Georg Leinfelder GmbH,"1,523",SchrÃ¶dinger,1847,Industrial Manufacturing,Schwedt
396,397,Mast-Jagermeister Se,"1,000","Rehm, FlÃ¼gel, Kreuter",1878,Foods and Beverages,WolfenbÃ¼ttel
397,398,Riha Wesergold GetrÃ¤nke GmbH & Co. KG,"2,064",Hartinger,1934,Foods and Beverages,Rinteln
398,399,Centrotec Sustainable AG,"3,115",Kra ,1981,Industrial Manufacturing,Brilon
399,400,Zschimmer & Schwarz Holding GmbH & Co KG,"1,312","Schwarz, Zschimmer",1894,Industrial Manufacturing,Lahnstein
400,401,S&G Leasing GmbH & Co. KG,"1,396","Schoemperlen, Gast",1898,Financial Services,Karlsruhe
401,402,WDI - WestfÃ¤lische Drahtindustrie GmbH,"1,404",Pampus,1987,Industrial Manufacturing,Hamm
402,403,Heinrich Winkelmann VermÃ¶gen + Kapital GmbH & Co. KG,"4,000",Winkelmann,1898,Industrial Manufacturing,Ahlen
403,404,H. BrÃ¶ring GmbH & Co. KG,660,BrÃ¶ring,1891,Foods and Beverages,Dinklage
404,405,Hgdf Familienholding Ltd. & Co. KG,"2,200",Dethleffsen,1738,Industrial Manufacturing,Flensburg
405,406,Cam Eisenholding GmbH & Co. KG,"3,700",Winter,1951,Industrial Manufacturing,Stadtallendorf
406,407,Serafin GmbH,"4,000",Haindl,1849,Financial Services,MÃ¼nchen
407,408,Pro Seniore Eingetragener Verein,"12,000",Ostermann,1977,Industrial Manufacturing,Berlin
408,409,Turck GrÃ¼nderpool GmbH & Co. KG,"4,500","Turck, Hermes",1965,Technology,MÃ¼lheim an der Ruhr
409,410,Musikhaus Thomann E.K.,"1,500",Thomann,1954,Retail,Burgebrach
410,411,Polifilm Holding GmbH,"1,572",Runkel,1972,Industrial Manufacturing,KÃ¶ln
411,412,Heller GmbH,"2,930",Heller,1894,Industrial Manufacturing,NÃ¼rtingen
412,413,Bischof + Klein Group,"2,580","Klein, GÃ¼nther",1892,Industrial Manufacturing,Lengerich
413,414,K+K Klaas & Kock B.V. & Co. KG,"6,649",Klaas,1950,Consumer Products,Gronau
414,415,LÃ¶hr & Becker AG,"1,288",LÃ¶hr,1892,Retail,Koblenz
415,416,Emag GmbH & Co. KG,"2,973","HeÃbrÃ¼ggen, Pan",1867,Industrial Manufacturing,Salach
416,417,Pneuhage Management GmbH & Co. KG,"2,300",SchÃ¼tterle,1953,Profe ional Services,Karlsruhe
417,418,Ireks Group,"2,600",Ruckdeschel,1856,Foods and Beverages,Kulmbach
418,419,Herbrand GmbH,"1,068","Lacek-Herbrand, Holtermann",1934,Retail,Kevelaer
419,420,Katjes Group,"2,000","Fa in, BachmÃ¼ller",1910,Foods and Beverages,Emmerich am Rhein
420,421,Einhell Group,"1,569",Thannhuber,1964,Consumer Products,Landau an der Isar
421,422,Orafol Europe GmbH,"1,582",Loclair,1808,Industrial Manufacturing,Oranienburg
422,423,Nord-Schrott GmbH & Co KG,192,La en,1986,Industrial Manufacturing,Flensburg
423,424,Gerhard D. Wempe KG,750,Wempe,1878,Consumer Products,Hamburg
424,425,ErndtebrÃ¼cker Eisenwerk GmbH & Co. KG,"2,100","Schorge, Dietze(Hein)",1936,Industrial Manufacturing,ErndtebrÃ¼ck
425,426,BHS Corrugated Maschinen- und Anlagenbau GmbH,"2,200","Bradatsch, Engel",1717,Industrial Manufacturing,Weiherhammer
426,427,Martin Bauer Group,"3,400",Wedel,1930,Foods and Beverages,Vestenbergsgreuth
427,428,Paul Bauder GmbH & Co. KG,"1,017",Bauder,1857,Industrial Manufacturing,Stuttgart
428,429,Max LÃ¼ning GmbH & Co. KG,"1,625",RielÃ¤nder,1853,Consumer Products,Rietberg
429,430,Heidemark Gruppe,355,Kalvelage,1968,Foods and Beverages,Ahlhorn
430,431,Piepenbrock Unternehmensgruppe GmbH + Co. KG,"26,506",Piepenbrock,1913,Profe ional Services,OsnabrÃ¼ck
431,432,Thomas Philipps Beteiligungs GmbH,"3,100",Philipps,1987,Retail,Bi endorf
432,433,Recaro Holding GmbH,"2,521",Putsch,1965,Automotive,Stuttgart
433,434,MÃ¼ller Fleisch GmbH,460,MÃ¼ller,1959,Foods and Beverages,Birkenfeld
434,435,Obo Bettermann Familien-Holding KG,"4,000",Bettermann,1911,Technology,Menden
435,436,Ludwig Krohne GmbH & Co KG,"3,900",Rademacher-Dubbick,1921,Technology,Duisburg
436,437,KÃ¼ster Holding GmbH,"3,200",KÃ¼ster,1926,Automotive,Ehringshausen
437,438,L. Stroetmann GmbH & Co. KG,"1,502",Stroetmann,1791,Consumer Products,MÃ¼nster
438,439,Familie Julius Thy en Verwaltungsges. Mbh,"2,487","Thy en, Wegener, Schumacher u.a.",1913,Profe ional Services,MÃ¼lheim an der Ruhr
439,440,Montana Group GmbH,220,Koburger,1960,Energy and Utilities,GrÃ¼nwald
440,441,Busch-Holding GmbH,"3,284",Busch,1963,Industrial Manufacturing,Maulburg
441,442,Molkerei Gropper GmbH & Co. KG,800,Gropper,1929,Foods and Beverages,Bi ingen
442,443,Dr. Schneider Holding GmbH,"4,000","Schneider, Schmidt",1927,Automotive,Kronach
443,444,W. Cla en Group,"1,500",Hannig,1963,Industrial Manufacturing,Kaisersesch
444,445,Witron Logistik + Informatik GmbH,"3,500",Winkler,1971,Industrial Manufacturing,Parkstein
445,446,Hama Hamaphot Hanke & Thomas GmbH & Co.,"2,330","Hanke, Thomas",1923,Consumer Products,Monheim
446,447,F. Volckmar GmbH & Co. KG,"1,900","Thurmann, Voerster",1829,Retail,Stuttgart
447,448,Brillux GmbH & Co. KG,"2,500",KÃ¶nig,1889,Industrial Manufacturing,MÃ¼nster
448,449,Bahlsen GmbH & Co. KG,"2,880",Bahlsen,1889,Foods and Beverages,Hannover
449,450,Nolte GmbH & Co.KGaA,"2,082",Nolte,1921,Consumer Products,Germersheim
450,451,Fuchs Group,"3,000",Fuchs,1952,Foods and Beverages,Di en
451,452,KÃ¶tter GmbH & Co. KG Verwaltungsdienstleistungen,"18,500",KÃ¶tter,1934,Profe ional Services,E en
452,453,Kraiburg Holding GmbH & Co. KG,"2,200","Schmidt, Westhoff",1947,Industrial Manufacturing,Waldkraiburg
453,454,"Joh. Berenberg, Go ler & Co. KG","1,640",Berenberg,1590,Financial Services,Hamburg
454,455,Stern-Wywiol Gruppe GmbH & Co. KG,"1,500",Wywiol,1980,Foods and Beverages,Hamburg
455,456,Josef Marschall GmbH,29,Geiger,1982,Foods and Beverages,Schwaig bei NÃ¼rnberg
456,457,Erich Netzsch GmbH & Co. Holding KG,"3,550",Netzsch,1873,Industrial Manufacturing,Selb
457,458,Autohaus Widmann GmbH & Co. KG,931,Widmann,1956,Retail,Aalen
458,459,Ims Gear SE & Co. KGaA,"3,700",Zimber-Morat,1863,Automotive,Donaueschingen
459,460,Westmetall GmbH & Co. KG,34,Weber,1919,Industrial Manufacturing,Wuppertal
460,461,Alois PÃ¶schl GmbH & Co. KG,840,"PÃ¶schl, Engels",1902,Foods and Beverages,Geisenhausen
461,462,Otto Kirchner Beteiligungen GmbH,"4,400",Kirchner,1906,Financial Services,KÃ¶nigsberg
462,463,Heinrich Schmid Group,"5,200",Schmid,1914,Industrial Manufacturing,Reutlingen
463,464,KÃ¶gel Trailer GmbH & Co. KG,"1,350",Humbaur,1934,Industrial Manufacturing,Burtenbach
464,465,Ei mann Automotive Deutschland GmbH,"5,000",EiÃmann,1964,Automotive,Bad Urach
465,466,Ke ebÃ¶hmer Holding E.K.,"2,550",Ke ebÃ¶hmer,1954,Consumer Products,Bad E en
466,467,Automobil-Verkaufs-Gesellschaft Joseph Bra  GmbH & Co. KG,"1,104",Bra ,1937,Retail,Aschaffenburg
467,468,Ejot Holding GmbH & Co. KG,"3,119",Kocherscheidt,1922,Industrial Manufacturing,Bad Berleburg
468,469,Hawesko Holding GmbH,"1,170",Meyer,1964,Consumer Products,Hamburg
469,470,Berger Holding GmbH,"2,572",Berger,1905,Industrial Manufacturing,Pa au
470,471,Lorenz Snack-World Holding GmbH,"1,950",Bahlsen,1889,Foods and Beverages,Neu-Isenburg
471,472,Moritz J. Weig GmbH & Co. KG,"1,500",Weig,1931,Industrial Manufacturing,Mayen
472,473,Vector Stiftung,"2,000",Hindereru.a.,1988,Technology,Stuttgart
473,474,Helu Kabel GmbH,"1,442",Luksch,1978,Industrial Manufacturing,Hemmingen
474,475,Gretsch-Unitas GmbH,"1,650",Von Resch,1907,Technology,Ditzingen
475,476,Georg Nordmann Holding AG,750,Nordmann,1912,Industrial Manufacturing,Hamburg
476,477,Heinrich Schmidt Group,433,Schmidt,1960,Industrial Manufacturing,MÃ¶nchengladbach
477,478,BoschgotthardshÃ¼tte O. Breyer GmbH,"1,821",Winterhager,1466,Industrial Manufacturing,Freital
478,479,A. Hartrodt (GmbH & Co.) KG,"2,078","Wenzel, van Tienhoven",1887,Transportation and Logistics,Hamburg
479,480,Coroplast Fritz MÃ¼ller GmbH & Co.KG,"6,200",MÃ¼ller,1928,Industrial Manufacturing,Wuppertal
480,481,Grie on - De Beukelaer GmbH & Co. KG,"2,052","Gries, Land",1924,Foods and Beverages,Polch
481,482,Frosta AG,"1,779",Ahlers,1961,Foods and Beverages,Bremerhaven
482,483,Alfred Ritter GmbH & Co.KG,"1,089",Ritter,1912,Foods and Beverages,Waldenbuch
483,484,Auto-Scholz GmbH & Co. KG,"1,098","EidenmÃ¼ller, Prickel",1894,Retail,Bamberg
484,485,Develey Holding GmbH & Co. Beteiligungs KG,"2,300",Durach,1845,Foods and Beverages,Unterhaching
485,486,Kemna Bau Andreae GmbH & Co. KG,"1,816","Kemna, Andreae",1867,Industrial Manufacturing,Pinneberg
486,487,Haver & Boecker Ohg,"2,954","Festge, Haver",1887,Industrial Manufacturing,Oelde
487,488,Richard Kehr GmbH & Co. KG,381,Kehr,1924,Retail,Braunschweig
488,489,SchÃ¼ller MÃ¶belwerk KG,"1,662",SchÃ¼ller,1966,Consumer Products,Herrieden
489,490,Verlag C.H. Beck Ohg,"2,092",Beck,1763,Media and Entertainment,MÃ¼nchen
490,491,Trox GmbH,"4,000",Trox,1951,Industrial Manufacturing,Neukirchen-Vluyn
491,492,Birkenstock GmbH & Co. KG,"2,552",Birkenstock,1774,Retail,Neustadt (Wied)
492,493,Lukad Holding GmbH & Co. KG,"2,512",Menshen,1955,Industrial Manufacturing,Werdohl
493,494,Linde + Wiemann GmbH-KG,"2,330","Schoof, Mauden",1939,Automotive,Dillenburg
494,495,Dieffenbacher GmbH,"1,700",Dieffenbacher,1873,Industrial Manufacturing,Eppingen
495,496,Mediengruppe Pre edruck,"3,600","Holland, Scherer",1945,Media and Entertainment,Augsburg
496,497,Index-Werke GmbH & Co. KG,"2,032",Hahn,1914,Industrial Manufacturing,E lingen
497,498,Dr. Theodor Stiebel Werke GmbH & Co. KG,"3,700",Stiebel,1924,Financial Services,Holzminden
498,499,Amazonen-Werke H. Dreyer GmbH & Co. KG,"1,850",Dreyer,1883,Industrial Manufacturing,Hasbergen
499,500,W. Markgraf GmbH & Co KG Bauunternehmung,968,Markgraf,1932,Industrial Manufacturing,Bayreuth
