,company_name
0,A LIMITED
1,A LIMITED
2,A & P (ESTATES & INVESTMENTS) LIMITED
3,A AND U INVESTMENTS LIMITED
4,ACRIS COURT 27 A LIMITED
5,A PROPERTY LIMITED
6,A R KING DISCRETIONARY SETTLEMENT
7,A K INSPIRING LTD
8,A & FN OVERSEAS HOLDINGS LIMITED
9,A A ABBEY ROOFING & BUILDING CONTRACTORS LTD
10,A A A CURRY HOUSE LTD
11,A A ADAMS LIMITED
12,A A A EAGLES LTD
13,A A A LETTING & MAINTENANCE LTD
14,A A A MOTORS LIMITED
15,A A & A AUTOS LTD
16,AA & A CONSTRUCTIONS LTD
17,A A & A INVESTMENTS LIMITED
18,"A, A & A PROPERTY LTD"
19,A A & A STEPHEN (BURPHAM) LTD.
20,AA & A TRADERS LTD
21,A A & B LTD
22,A A & D FRASER LIMITED
23,A A & E SERVICES LTD
24,A A & EVA LIMITED
25,A A & F LTD
26,A A & G M ENTERPRISES LTD
27,A A & K ENTERPRISES LIMITED
28,A A & K LETTINGS LIMITED
29,A A & S INVESTMENTS LLP
30,A A & S J FAULKNER LIMITED
31,A A  &  S  PROPERTIES LIMITED
32,A A AND T (WM) LTD
33,A A AND Z PROPERTIES LTD
34,A. A. ANNOH LTD.
35,A A ANYAMELE & SONS LIMITED
36,A A APPLIANCE SERVICE LIMITED
37,A AARAN LTD
38,A. A. ARBITRAGE LTD
39,A A ARBORISTS LIMITED
40,A A A SCAFFOLD LIMITED
41,A A A SCAFFOLD YORKSHIRE LTD
42,A A A S ENTERPRISE LTD
43,A A AUTOS SLOUGH LIMITED
44,A A AUTOVAN LEISURE LTD
45,A A BAH LIMITED
46,A A BAILEY LTD
47,A A BAKERS (SCOTLAND) LTD.
48,A A BALLANTYNE (PROPERTIES) LTD
49,A  A  BALL  SERVICES LIMITED
50,A A B AUTOMOTIVE LIMITED
51,A. ABBOTT AND SONS (RUSHDEN) LIMITED
52,A A B COMMUNICATION LIMITED
53,A ABDIKARIM TRANSPORT LTD
54,A ABDULLAH LOGISTICS LIMITED
55,A ABDURRAHMAN IT CONSULTANT LTD
56,A A BEER LIMITED
57,A ABEIDI LIMITED
58,A A B ELECTRICAL AND PLUMBING CONTRACTORS LTD
59,A ABERCROMBIE LIMITED
60,A A BESPOKE WOODWORK LTD
61,A A B ESTATES LIMITED
62,A A BLOW INVESTMENTS LIMITED
63,A A BOILERS LTD
64,A A BOLTON PROPERTIES LTD
65,A A BOND & SONS LIMITED
66,A A BRADLEY BUILDERS LIMITED
67,A ABRAHAM LIMITED
68,A A BRAMLEY LIMITED
69,A A BROTHERS LIMITED
70,A A BROWN LIMITED
71,A ABU LIMITED
72,A ABUBAKAR ENGINEERING LTD
73,A A BUCKINGHAM LIMITED
74,A A BUILDERS MANCHESTER LIMITED
75,A A BUILDING SERVICES LIMITED
76,A A BUSH ELECTRICAL LIMITED
77,A A BUTLER SECURITY LTD
78,A ACADEMY TUTORIALS LTD
79,A A CANNON LIMITED
80,A A CANOPIES & VENTILATION SERVICES LTD
81,A A CANOPY AND VENTILATION CLEANING LTD
82,A A CARPENTRY & BUILDERS LIMITED
83,A A CARPETS AND FURNITURE STORE LIMITED
84,A A CARROTS LIMITED
85,A A CARS (NW) LTD
86,A A CASTLE LTD
87,A A CATERING EQUIPMENT SERVICES LIMITED
88,A A C CARMEN LTD
89,A ACCOUNTANTS LIMITED
90,A A C FINANCE LIMITED
91,A A CHAPMAN LTD
92,A A CHEFANI LIMITED
93,A. A. CHEMICAL CLEANING COMPANY LIMITED
94,A ACHIM LTD
95,A ACKLAM (CONSULTING) LTD
96,A ACKROYD TM LTD
97,A. A. C MANAGEMENT (UK) LIMITED
98,A A COLLINS ELECTRICAL LIMITED
99,A. A. COLUMN LIMITED
100,A A COMMERCIAL PROPERTIES LTD
101,A A COMMUNICATIONS (LEICESTER) LTD
102,A A CONSORTIUM LTD
103,A A CONSTABLE LTD
104,A A CONSULTANCY 1 LIMITED
105,A A CONSULT SERVICES PRO LTD
106,A A COOLING LIMITED
107,A A COOPER LTD
108,A A C PERFORMANCE LTD
109,A ACQUISITIONS LTD
110,A A CREATVIE LTD
111,A A C RENEWABLES & PLUMBING LIMITED
112,A A CROYDON HOLDINGS LIMITED
113,A A CUNNINGHAM LIMITED
114,A A CURRIES IN A HURRY LTD
115,A ADAM LTD
116,A. ADAMS & SON LIMITED
117,A. ADAMS (HAULAGE) LTD
118,A ADAMS SUPERVISORY SOLUTIONS LIMITED
119,A ADAN MARKETING LTD
120,A- (A DASH) LTD
121,A A DAVIES & CO LIMITED
122,A ADCOCK INVESTMENTS
123,A ADDICOTT PLUMBING AND HEATING SERVICES LIMITED
124,A A DECORATORS LIMITED
125,A. ADELEKAN LIMITED
126,A A DELIGHTS LIMITED
127,A A DELIVERY EXPRESS LTD
128,A A DEVELOPMENTS CORNWALL LIMITED
129,A A D HEATING LIMITED
130,A A DIPS LIMITED
131,A A DIXON LTD
132,A ADKINS TOURING LIMITED
133,A ADLY LIMITED
134,A A DOWSON LTD
135,A A D PLUMBING LTD
136,A A DRAINS LTD
137,A A D SURVEYING SERVICES LIMITED
138,A. A. DUBOSS LTD
139,A A DUFF LTD
140,A ADVERTISING LTD
141,A ADVISORS LTD
142,A A E ASSOCIATES LIMITED
143,AAE ELECTRICAL LTD
144,A A ELECTRICAL CONTRACTORS (SOLWAY) LIMITED
145,A A ELECTRICAL (EAST ANGLIA) LTD
146,A A ELECTRICAL INSTALLATIONS LTD
147,A A ELECTRICAL SERVICES LIMITED
148,A A EMPIRE LTD
149,A A ENTERPRISE PROPERTY LTD
150,A A ESSEX HOLDINGS LIMITED
151,A AESTHETIC CLINIC LONDON LTD
152,A AESTHETICS TREATMENTS LTD
153,A A EXPRESS SOLUTIONS LIMITED
154,A A EXPRESS TRAVEL LTD
155,A A F ACCOUNTANCY LTD
156,A A FASHIONWEAR LTD
157,A A FAYLI LTD
158,A A FENCING LIMITED
159,A. A. FINE CASTING LIMITED
160,A A FLAGS LIMITED
161,A A F M S LIMITED
162,A A FORD LIMITED
163,A A F PROPERTIES LTD
164,A A FREEMAN & SON LTD
165,A AFRIDI LIMITED
166,A AFRIYIE LTD
167,A A FROZEN FOOD LIMITED
168,A AGAFITEI STUDIO LTD
169,A A GARAGE LTD
170,A A GARDEN SERVICES LIMITED
171,A A GARDNER & SONS LIMITED
172,A A GAS (MIDLANDS) LTD
173,A A GBOLADE LIMITED
174,A A GENERAL HAULAGE LIMITED
175,A A GILL LIMITED
176,A A GILLESPIE LIMITED
177,A A GLAZE LIMITED
178,A A GLAZING (BRISTOL) LIMITED
179,A. A. GLEDHILL MANAGEMENT SERVICES LIMITED
180,A A GLOBAL ENTERPRISE LIMITED
181,A A  GLOBAL MEDICAL SERVICES LTD
182,A A G L TRADING LIMITED
183,A A GOLDSTEIN LTD
184,A A GREERE LTD
185,A A G RENTALS LIMITED
186,A A GROUP UK HOLDINGS LIMITED
187,A A G TRAINING AND CONSULTANCY LIMITED
188,A A GUEST ROOMS LTD
189,A AHAD & CO LTD
190,A A HAIR LTD
191,A A HALAL MEAT LIMITED
192,A A HALAL MEAT & GROCERY LTD
193,A. A. HARPER LIMITED
194,A A HASSIM INVESTMENTS LIMITED
195,A A HAULAGE LIMITED
196,A A HAZARA BUILDERS LTD
197,A. A HEALTH CARE FOREVER LTD
198,A AHEER WY LTD
199,A A H ENGINEERING SERVICES  LIMITED
200,A A HENRY LIMITED
201,A A HENRY & SONS LIMITED
202,A A H IMPROVEMENTS LIMITED
203,A A H L LTD
204,A AHMAD PHARMA LIMITED
205,A. AHMED & CO (ACCTT) LTD
206,A AHMED CONSULTING LTD
207,A AHMED MEDICAL LTD
208,A AHMED SOLUTIONS LTD
209,A. A. HOLMES LIMITED
210,A A HOMES LTD
211,A A HOMES AND HOUSING LTD
212,A A HOMES AND HOUSING (AYLESBURY) LIMITED
213,A A HOMES AND HOUSING (BASILDON) LIMITED
214,A A HOMES AND HOUSING BASILDON PROPERTY LTD
215,A A HOMES AND HOUSING(COACH HOUSE) LTD
216,A A HOMES AND HOUSING CONSTRUCTION LTD
217,A A HOMES AND HOUSING(COOMBE FARM) LTD
218,A A HOMES AND HOUSING (COOMBE LODGE) LTD
219,A A HOMES AND HOUSING (CROYDON) LIMITED
220,A A HOMES AND HOUSING (CROYDON) PROPERTY LIMITED
221,A A HOMES AND HOUSING (CYGNET HOUSE) LIMITED
222,A A HOMES AND HOUSING (EXCHANGE COURT) LIMITED
223,A A HOMES AND HOUSING (5 SYDENHAM ROAD) LIMITED
224,A A HOMES AND HOUSING GUILDHALL (PORTSMOUTH) LIMITED
225,A A HOMES AND HOUSING( HIPPODROME) LTD
226,A A HOMES AND HOUSING ( LESLIE ) LIMITED
227,A A HOMES AND HOUSING (LIVERPOOL ) LIMITED
228,A A HOMES AND HOUSING ( METRO POINT ) LIMITED
229,A A HOMES AND HOUSING (METRO POINT) PROPERTY LIMITED
230,A A HOMES AND HOUSING ( NORTH WEST) LTD
231,A A HOMES AND HOUSING (PORTSMOUTH) LIMITED
232,A A HOMES AND HOUSING (PREMIER) LIMITED
233,A A HOMES AND HOUSING (SUTTON) LTD
234,A A HOMES AND HOUSING(TRAFALGAR) LTD
235,A A HOMES (YORKSHIRE) LTD
236,A A HOUSING LIMITED
237,A A HOWARD LIMITED
238,A A H PLANNING CONSULTANTS LTD
239,A A H SOFTWARE LTD
240,A A HUTTON LLP
241,A A HYDRAULICS LIMITED
242,A. A. IBRAHIM LTD
243,A A I BUILDING SERVICES LIMITED
244,A. A. I. FIRE SYSTEMS LTD.
245,A A INDEPENDENT TELEVISION PRODUCTIONS LIMITED
246,A A INSTALLATIONS LIMITED
247,A A INSTALLATION SERVICES LIMITED
248,A. AINSWORTH & SONS (JEWELLERS) LIMITED
249,A AINSWORTH SURVEYORS LTD
250,A A INTEGRATED LIMITED
251,A A INTERNATIONAL LTD
252,A A INTERPRETING SERVICE LTD
253,A AIRD ASSOCIATES LIMITED
254,A AIRD EXCHANGE LTD
255,A. A. I. SECURITY SYSTEMS LTD.
256,A A JACOB LTD
257,A AJADI CONSULTING LTD
258,A AJADI PROPERTY MANAGEMENT LTD
259,A A JAMAL TAX CONSULTANTS LIMITED
260,A A J BUILDING SERVICES LTD
261,A A JEWELLERS LTD
262,A A JEWITT AND SONS LIMITED
263,A A J R SOLUTIONS LIMITED
264,A AKANNI LTD
265,A A KAYA LTD
266,A AKBOR CONSULTANCY LTD
267,A A KEAR ELECTRICAL SERVICES LIMITED
268,A A K HAULAGE LIMITED
269,A A K HEALTHCARE LIMITED
270,A AKHTAR LTD
271,A A KONIOR LIMITED
272,A AKONKO LIMITED
273,A A KRISH MEDICS LIMITED
274,A A KRUPSKI LTD
275,A A LATE SHOP LIMITED
276,A ALAVI LIMITED
277,A A LAW (LANCASHIRE) LTD
278,A ALBROW ENGINEERING LTD
279,A A L CONSULTANTS LIMITED
280,A. ALDERSON ELECTRICAL LTD
281,A ALDRIDGE GROUNDWORKS LTD
282,A A LEISURES LTD
283,A. ALEXANDER & SON (ELECTRICAL) LIMITED
284,A ALEXANDER BUILDERS LIMITED
285,A ALEXANDER MECHANICAL LTD
286,A ALEXANDER PLUMBING AND HEATING LIMITED
287,A ALEXANDER TILING LIMITED
288,A ALEXANDER TUTORING LTD
289,A ALFRED CONSULTANCY SERVICES LTD
290,A ALI CONTRACTING LIMITED
291,A ALI HEALTHCARE LIMITED
292,A ALI LOGISTICS LTD
293,A ALIN VARIA LTD
294,A A LIONS LTD
295,A ALI PROPERTIES LIMITED
296,A ALI PROPERTY INVESTMENTS LIMITED
297,A ALISA LIMITED
298,A ALLAN SERVICES LTD
299,A ALLEN & SON LIMITED
300,A. ALLEN CONSERVATION & RESTORATION LIMITED
301,A ALLEN CONSTRUCTION LTD
302,A. ALLEN DEVELOPMENTS LIMITED
303,A ALLEN ELECTRICAL LTD
304,A. ALLEN INVESTMENT SERVICES LIMITED
305,A ALLISON LTD
306,A ALLMAN INDEPENDENT SOCIAL WORK CONSULTANCY LIMITED
307,A ALLSOPP LIMITED
308,A. ALLSOPP MARKETING LTD
309,A  ALMUHAIMEEF LTD
310,A. A. LOCUM SOLUTIONS LIMITED
311,A A LOCUMS (WIDNES) LIMITED
312,A A LONDON MIMI MARKET LTD
313,A A LOVELL LTD
314,A ALSIAGH LIMITED
315,A ALTERATIONS LTD
316,A. ALTERBRIDGE LIMITED
317,A ALVAREZ LTD
318,A. ALVAREZ CATERING LTD
319,A ALVAREZ SERVICES LTD
320,A A LYONS LTD
321,A AMAC CARE LIMITED
322,A A MACDONALD LIMITED
323,A A MACDONALD JOINERY & BUILDING CONTRACTOR LIMITED
324,A A MACFARLANE ASSOCIATES LIMITED
325,A A MACHIN ELECTRICAL SERVICES LTD
326,A A MAGDUM LTD
327,A .AMANDA'S LIMITED
328,A AMAN MEDICAL SERVICES LTD
329,A A MARIAN LTD
330,A A MARQUEES LIMITED
331,A A MARRIOTT LIMITED
332,A A MARTIAL ARTS LIMITED
333,A A MASON LIMITED
334,A A MASON (CONSULTING) LTD
335,A A MASSEN TRADING LIMITED
336,A A MAX LTD
337,A AMBROSE TM LTD
338,A A M BUSINESS SOLUTIONS LTD
339,A A M CONSTRUCTION LIMITED
340,A A MECHANISE LIMITED
341,A A MEDICAL FINANCE SOLUTIONS LIMITED
342,A AMER LIMITED
343,A AM FOODS LTD
344,A A.MICHAELIDES LIMITED
345,A A MILLER & SON LTD
346,A A MIXERS LIMITED
347,A A MODLINSKI CONSULTANCY LIMITED
348,A A MOLYNEUX BUILDERS LIMITED
349,A A MOLYNEUX RENTALS LIMITED
350,A A MOORE & SON LTD
351,A A MOORLEY LIMITED
352,A A MORRISON LTD
353,A. A. MORTGAGES LTD.
354,A. AMOR WRITES LIMITED
355,A A MOSHARAF LTD
356,"A A MOT CENTRE, LIMITED"
357,A A M SOLUTIONS LTD
358,A ANAESTHETICS LTD
359,A ANAGNOSTOPOULOS LIMITED
360,A A NAILS LIMITED
361,A A NAJI TRANSPORT LIMITED
362,A A NAJI TRANSPORT LTD
363,A ANA MARIA LTD
364,A A NATHU LIMITED
365,A A N CONSULTING LIMITED
366,A  +  A LTD
367,A & A ACCOUNTANTS LIMITED
368,A AND A ACCOUNTING LTD.
369,A AND A ACCOUNTING SERVICES LIMITED
370,A & A ACCOUNTING SOLUTIONS LIMITED
371,A & A ACQUISTIONS LIMITED
372,A & A ADMINISTRATION LIMITED
373,A & A AGRICULTURAL CONTRACTORS AND PLANT HIRE LTD
374,A & A AGRICULTURE LIMITED
375,A AND AA ICT CONSULTANCY LTD
376,A & A & A LTD
377,A & A AND SONS ROOFING LTD
378,A & A APPLIANCE CARE LIMITED
379,A & A APPLIANCES LIMITED
380,A & AA PROPERTY LTD
381,A & A AQUATICS LTD
382,A & A ARABLE LIMITED
383,A AND A ARCHITECTS LLP
384,A & A ASHCROFT LIMITED
385,A & A ASSET MANAGEMENT LTD
386,A & A ASSETS LTD
387,A & A AUTOCARE LIMITED
388,A & A AUTO ELECTRICAL LTD
389,A & A AUTOMATICS LIMITED
390,A & A AUTOMOTIVE SERVICES LTD
391,A AND A AVIATION FLIGHT DEPARTMENT
392,A & A BAILEY LTD
393,A & A BANERJEE LTD
394,A & A BARR
395,A & A BAU LIMITED
396,A & A BEAUTY LTD
397,A & A BEAUTY TRAINING LTD
398,A. & A. BELL MARQUEE HIRE LIMITED
399,A & A BIRD HOLDINGS LTD
400,A AND A BLINDS LTD
401,A & A BROWN LIMITED
402,A & A BUILDING SURVEYORS LIMITED
403,A & A BUSINESS SOLUTIONS LTD
404,A & A BUSINESS SUPPLIES LIMITED
405,A & A CABLES LTD
406,T LIMITED
407,T & L PROPERTIES LIMITED
408,T CHOITHRAM INTERNATIONAL SA
409,T R T HOLDING TRUST REG
410,ALIGN DEVELOPMENTS LIMITED
411,THE ARABIC GULF NATIONAL ASSOCIATION ( T A G N A ) LTD
412,THE BLACK T COMPANY LTD
413,BLAUSTEIN GMBH LTD
414,BURNHAM INVESTMENTS LIMITED
415,CALVERT CARPENTRY & CONSTRUCTION LIMITED
416,CBT (NORFOLK) LTD
417,THE CONTROVERSIAL T SHIRT COMPANY LTD
418,THE DIVINE GREEK T LTD
419,THE DOTTED T LIMITED
420,HARBOUR MULTI-TRADES LIMITED
421,HAYWARD WRIGHT 2021 LIMITED
422,THE I T SERVICE MANAGEMENT FORUM INTERNATIONAL LIMITED
423,J.A. CRESCENT DENTAL CARE LIMITED
424,THE J & T CONSULTANCY (SOUTHERN) LTD
425,THE J T L PARTNERSHIP LIMITED
426,THE J W T PARTNERSHIP LTD
427,KENNEDY LOGISTICS LTD
428,KGH SURFACING LIMITED
429,KJ&B REAL ESTATE LTD
430,THE K T WONG FOUNDATION
431,THE LASH BRAND BY T LTD
432,LEEDS BUILDING SERVICES LIMITED
433,THE LONDON T LIMITED
434,MARSH TECH AUTOMOTIVE LTD
435,THE MG 'T' SOCIETY LIMITED
436,MID RHD LTD
437,THE M T SUTERWALLA FAMILY FOUNDATION
438,THE N T PUB CO LTD
439,OMNIS GLOBAL LTD
440,PIVOT TO PROFIT LTD
441,THE PLAYERS T S LIMITED
442,THE P T ROOM LTD
443,RMP BUSINESS SERVICES NE LTD
444,SAKEENAH FOUNDATION
445,S&L CIVIL ENGINEERING LTD
446,S B S METALWORKS LTD
447,SPARES MX LIMITED
448,"THE SWALLOWS (BLOCKS Q, R, S AND T) MANAGEMENT COMPANY LIMITED"
449,T A LIMITED
450,T A ACCESS LTD
451,T A A CONSULTING LIMITED
452,T A ADVISORY LIMITED
453,T A AGRI LTD
454,T A AIKEN CONSULTING LTD
455,T A A INTERNATIONAL LIMITED
456,T A & CO DEVELOPMENTS LTD
457,T A AND N CATERING LIMITED
458,T A & ROBINSON LTD
459,T A & S E HOLLOM LIMITED
460,T A & SONS PROPERTIES LTD
461,T A A WORK LIMITED
462,T. A. BARTLETT (PALLETS) LIMITED
463,T A B ASSET MANAGEMENT LTD
464,T A BATES LIMITED
465,T A BAYLIS ELECTRICAL SERVICES LTD
466,T ABBOTT PROPERTIES LTD
467,T A B BUILDERS LIMITED
468,T A BEDFORD LIMITED
469,T A B ENGINEERING LIMITED
470,T A B ENTERPRISES LIMITED
471,T ABERNETHY AND PARTNERS LIMITED
472,T A BEST PLUMBING LIMITED
473,T A BIRKS LIMITED
474,T A BLACKAMORE LIMITED
475,T A BLACKETT CONSULTING LIMITED
476,T A BLAIR FUNERAL DIRECTORS LIMITED
477,T A B PROJECT SOLUTIONS LIMITED
478,T ABRAHAMS GLOBAL EMPIRE LTD
479,T ABRAMS LIMITED
480,T. A. BROCKBANK LIMITED
481,T ABROKWA CONSULTANCY LTD
482,T A BROOKS CONSULTANCY LTD
483,T A BROWNE CONTRACT SERVICES LTD
484,T A BUILDING SERVICES LIMITED
485,T A BURKE LIMITED
486,T A BUSINESS EUROPEAN LTD
487,T A CALLEAR CONSULTANCY LTD
488,T A CARPENTRY & CONSTRUCTION (MIDLANDS) LIMITED
489,T A CARPENTRY & JOINERY LIMITED
490,T A CATERERS LIMITED
491,T A C CONSULTING LTD
492,T ACCOUNTANTS & CO LTD
493,T ACCOUNTING ADVISORS LTD
494,T ACCOUNTS LIMITED
495,T ACCOUNTS (NW) LTD
496,T ACCOUNTS SERVICES LIMITED
497,T A CHANGE CONSULTANTS LTD
498,T. A. CLIFFORD LIMITED
499,T. A. CLOUD LIMITED
500,T A COLBOURNE PROJECTS LTD
501,T A CONSULTANCIES LTD
502,T A CONSULTANCY LIMITED
503,T A CONVERSIONS LIMITED
504,T A COSTELLO & CO. LTD.
505,T A COWAN LTD
506,T A COWPERTHWAITE LIMITED
507,T A CRAIG LIMITED
508,T ACTION FILMS LTD
509,T A CULLUM CONTRACTING LTD
510,T ADAM LIMITED
511,T. A. D. BUILDERS LIMITED
512,T. ADDISON PLUMBERS LTD.
513,T. A. D. ELECTRICAL LIMITED
514,T A D ELECTRICS UK LIMITED
515,T. ADELODUN ENGINEERING SOLUTIONS LIMITED
516,T A DESIGN LIMITED
517,T A DESIGN AND BUILD LTD
518,T A DICKSON LTD
519,T A DIGITAL MARKETING LTD
520,T ADOMAKOH LIMITED
521,T A DOWNEY LIMITED
522,T. A. D. PROPERTIES INVESTMENTS LIMITED
523,T A DRILLING (SALES) LIMITED
524,T. A. DRIVING SERVICES LIMITED
525,T A DUNLEAVY LIMITED
526,T A ELECTRIC COMPANY LTD
527,T A ELECTRICAL CONTRACTORS LTD
528,T A ELECTRICAL SOLUTIONS LIMITED
529,T. A. ELLIOTT LTD
530,T A ESTATES LTD
531,T AESTHETICS & TRAINING LTD
532,T AESTHETICÃ¢â¬â¢S LTD
533,T A F COMPONENTS LIMITED
534,TAFFY T LTD
535,T A FISHER LIMITED
536,T A FISHER & SONS LIMITED
537,T A FISHER COMMERCIAL LIMITED
538,T A FISHER DEVELOPMENTS LIMITED
539,T A FISHER DEVELOPMENTS (BRACKNELL) LIMITED
540,T A FISHER (HOLDINGS) LIMITED
541,T A FISHER (MORTIMER) LTD
542,T. A. FISHER (REDFIELDS) LIMITED
543,T A FITNESS AND HEALTH LTD
544,T A FRANCIS ELECTRICAL LIMITED
545,T A GAUNT LIMITED
546,T A G ENGINEERING SERVICES LIMITED
547,T A G G PLANT HIRE AND GROUNDWORKS LTD
548,T A G GREEN LIMITED
549,T A GILL LTD
550,T A G PROMOTIONS LIMITED
551,T A GRAHAM IP SERVICES LIMITED
552,T A GRANGE INVESTMENTS LLP
553,T A GRANT LIMITED
554,T A GREEN LIMITED
555,T. A. GREEN & SONS (DOWN FARMS) LIMITED
556,T A GREEN ROOFING LIMITED
557,T A GREIG LIMITED
558,T. A. G. SCAFFOLDING LIMITED
559,T A H ACCESS PLATFORMS LLP
560,T AHAMED LTD
561,T. A. HAMILTON LTD
562,T A HARDWICK CONSTRUCTION LIMITED
563,T A HAZELTON TRANSPORT LIMITED
564,T A H CONSTRUCTION LTD
565,T A HEALTH LTD
566,T A HEARTY BUILDING SERVICES LIMITED
567,T A HILL & SON LIMITED
568,T A H INDUSTRIES LIMITED
569,T AHMAD CONSULTANTS LTD
570,T A H MAINTENANCE LTD
571,T AHMED LTD
572,T A HODGSON LIMITED
573,T A H PLUMBING LIMITED
574,T A H SOLUTIONS LTD
575,T. A. H TRADING LIMITED
576,T A INNS LIMITED
577,T AINSWORTH & SONS LIMITED
578,T A INTERIORS LTD
579,T A INVESTMENTS LIMITED
580,T AIR LTD
581,T AITCHISON & SON LTD
582,T AJAX ELECTRICAL AND PLUMBING LIMITED
583,T A JOINERY LTD
584,T A JOINERY & CONSTRUCTION LTD
585,T A JONES LTD
586,T A JONES CONTRACTING LTD
587,T A JONES PROPERTIES LIMITED
588,T AKANNI LTD
589,T. A. K CONTRACTORS LTD
590,T A KITTOW & SONS LIMITED
591,T A KNOX LIMITED
592,T ALABASTER CONSTRUCTION LIMITED
593,T A LANCASTER CONTRACTING LIMITED
594,T. A. LAW LIMITED
595,T A L COMPUTER SERVICES LIMITED
596,T A L CONSTRUCTION LTD
597,T ALDERMAN LIMITED
598,T A LEISURE LTD
599,T. ALEXANDER LTD
600,T. ALEXANDER & CO. (LISBURN) LIMITED
601,T ALI & CO UK LIMITED
602,T. ALI & SONS LIMITED
603,T A LICENSED GROCERS LTD
604,TALKING T'S LIMITED
605,TALKING T'S OF CAMBRIDGE LIMITED
606,T ALLA LTD
607,T. ALLEN ALLOYS LTD
608,T ALLEN CONSTRUCTION LTD
609,T ALLEN DESIGN LIMITED
610,T ALLEN DEVELOPMENTS LTD
611,T. ALLEN ENGINEERING SERVICES LIMITED
612,T ALLEN ENGINEERING SERVICES TRUSTEES LIMITED
613,T ALLEN FUNERAL SERVICES LIMITED
614,T ALLEN HEALTHCARE LTD
615,T ALLEN HOLDINGS LIMITED
616,T ALLEN HOMES LTD
617,T ALLEN METAL FINISHERS LIMITED
618,T ALLEN PROPERTIES LTD
619,T. ALLEN STOCKHOLDERS LIMITED
620,T. ALLMAN BUTCHERS LTD.
621,T ALLTREE & SON LTD
622,T A LOCUM SERVICES LIMITED
623,T. ALUN JONES LIMITED
624,T ALUN JONES & SON
625,T A L X LTD
626,T A MACHINES LTD
627,T A MAGNETS LIMITED
628,TAMARA T LIMITED
629,T A MASON LTD
630,T A MCMAHON OPTOMETRISTS LIMITED
631,T A MEDICAL LTD
632,T. A. MEDICAL SERVICES LTD
633,T A MERCER LIMITED
634,T AMES PROPERTIES LIMITED
635,T A M IMPORT & EXPORT LIMITED
636,T A MINIMARKET LTD
637,T A M INSULATION LTD
638,T. AMMAR LIMITED
639,T A MORRIS LEISURE LIMITED
640,T A MOSCROP LIMITED
641,T A MOTORS ENGINEERS LTD
642,T A MOUNTAIN LIMITED
643,T A MOYLE CONSTRUCTION LTD
644,T A M WINDOWS LTD
645,TANA T TRADING LTD
646,T & A LIMITED
647,T AND AA LTD
648,T & A ARCHITECTURAL IRONMONGERY LIMITED
649,T & A ARTISAN LIMITED
650,T & A ASHTON LTD
651,T & A AUTOS LIMITED
652,T & A BARON LTD
653,T AND A BOYLE LLP
654,T & A BRICKWORK LIMITED
655,T & A BROTHERS LTD
656,T & A BROTHERS INT LTD
657,T & A BUILDERS LIMITED
658,T & A BUILDING AND MAINTENANCE LTD
659,T & A BUILDING CONTRACTORS LIMITED
660,T & A BUILDING SERVICES LTD
661,T AND A BUILDING SERVICES LONDON LTD
662,T & A BUSINESS CONSULTANTS LIMITED
663,T & A.C ALLEN SERVICES LTD
664,T & A CARS LIMITED
665,T & A CONCRETE PUMPING HIRE LTD
666,T & A CONSTRUCTION LTD
667,T & A CONSTRUCTION AND MAINTENANCE LTD
668,T & A CONSTRUCTION (HOLYHEAD) LTD.
669,T & A CONSULT LTD
670,T & A CONSULTANCY LIMITED
671,T & A CONSULTANTS (UK) LIMITED
672,T & A CONTRACTING LIMITED
673,T & A CORPORATION LTD
674,T & AC PROPERTIES LTD
675,T & A CROLLA LTD
676,T & A DENNIS LIMITED
677,T & A DESIGN LIMITED
678,T & A DESSERTS LTD
679,T & A DEVELOPMENTS
680,T & A DEVELOPMENTS 2019 LIMITED
681,T & A DIAGNOSTICS & SONS LTD
682,T & A DOBINSON CONSULTANCY LIMITED
683,T & A (DORSET) LIMITED
684,T AND A DUCTWORK LTD
685,T. & A. DUNN DEVELOPMENTS LTD
686,T & A EDUCATION LIMITED
687,T & A ELECTRICAL LIMITED
688,T & A ENVELOPES LIMITED
689,T & A ESSEX LIMITED
690,T & A ESSEX PROPERTIES LTD
691,T & A EVENTS LTD
692,T AND A FABRICATIONS LIMITED
693,T AND A FLETCHER LTD
694,T & A FLOORING LTD
695,T & A FOOTWEAR LIMITED
696,T & A FYFE LIMITED
697,T & A GROUNDWORK CIVILS LTD
698,T & A HALL AND SONS LIMITED
699,T & A HAULAGE LTD
700,T & A HAULAGE AND TRANSPORT LTD
701,T & A HIGHWAYS LIMITED
702,T & A HOLDINGS LIMITED
703,"T. &. A. INNS, LIMITED"
704,T & A INSPECTIONS LIMITED
705,T. & A. INSTALLATIONS LTD.
706,T & A INSTALLATIONS LTD.
707,T & A INSTALLATIONS SERVICES LIMITED
708,T & A JAMES LIMITED
709,T & A JOINERY LIMITED
710,T & A KEBABS LTD
711,T & A KERNOGHAN LIMITED
712,T & A KERNOGHAN (HOLDINGS) LIMITED
713,T & A LAING LIMITED
714,T & A LAWLOR ENTERPRISES LTD
715,T & A LEISURE LTD
716,T & A LETTINGS LIMITED
717,T & A (LONDON) LTD
718,T & A MANAGEMENT LIMITED
719,T. & A. MCCLELLAND LIMITED
720,T & A MEDIA CONSULTANTS LTD
721,T & A MEDIA PROPERTIES LTD
722,T AND A MOTORS LIMITED
723,T & A MUIR LIMITED
724,T & A (NORTH WEST) LTD
725,T & A PARTNERS LTD
726,T & A PIPEWORK LIMITED
727,T & A PRECISION GRINDING CO. LIMITED
728,T & A PRECISION PLASTICS LIMITED
729,T & A PRINTING LIMITED
730,T & A PROPERTIES LIMITED
731,T & A PROPERTIES (BRIGHTON) LTD
732,T & A PROPERTIES LONDON LTD
733,T & A PROPERTY DEVELOPER LTD
734,T & A PROPERTY HOLDINGS LTD
735,T AND A PROPERTY MANAGEMENT LLP
736,T & A PROPERTY SERVICES LIMITED
737,T & A PROPERTY TW LIMITED
738,T. & A. RESIN LTD.
739,T & A RETAILS LTD
740,T & A ROOFING & PROPERTY MAINTENANCE LIMITED
741,T & A SAFETY SERVICES LIMITED
742,T & A SECURITY SERVICES LTD
743,T & A SERVICES (HULL) LIMITED
744,T + A SERVICES UK LTD.
745,T & ASH LTD
746,T & A SHIPPING COMPANY LIMITED
747,T & A SHOE LIMITED
748,T & A SONS LTD
749,T & A TAXIS LIMITED
750,T & A TAXIS (LIVERPOOL) LIMITED
751,T & A TAXIS (THREE) LTD.
752,T & A TAXIS (TWO) LTD.
753,T & A TEASDALE LIMITED
754,T & A TECHNICAL LTD
755,T & A TEXTILES AND HOSIERY LIMITED
756,T & A THOMPSON CARDS LIMITED
757,T & A TRADE LIMITED
758,T & A TRADELINE LTD
759,T & A TRADERS LIMITED
760,T & A TRADING LTD
761,T & A TRANSITION LIMITED
762,T & A UPHOLSTERY SUPPLIES LTD
763,T & A VARLEY LIMITED
764,T & A VENTURES LIMITED
765,T & A VISION LIMITED
766,T & A WILLIAMS PROPERTY LIMITED
767,T AND B AFRICAN FOODS LIMITED
768,T AND B ASSETS LTD
769,T & B BARS LIMITED
770,T & B BLASTING SERVICES LIMITED
771,T & B BUILDERS LIMITED
772,T & B BUILDERS (HOLDINGS) LIMITED
773,T & B BUILDING LTD
774,T & B BUILDING SERVICES LTD
775,T & B CAKECRAFT LTD
776,T & B CAPITAL LLP
777,T & B CONCRETE LIMITED
778,T & B CONSULT LTD
779,T & B CONSULTING LIMITED
780,T. & B. CONTAINERS LIMITED
781,T. & B. CONTAINERS HOLDINGS LTD
782,T & B (CONTRACTORS) LIMITED
783,T & B (CONTRACTORS) HOLDINGS LIMITED
784,T & B DANTER LEISURE LTD
785,T & B DEVELOPMENT GROUP LTD
786,T AND B ELECTRICIANS LTD
787,T & B ENGINEERING LIMITED
788,T & B EVENTS AND TOURING SERVICES LTD
789,T & B EVENTZ LTD
790,T & B FOOTWEAR LIMITED
791,T & B FURNISHERS LTD
792,T & B INITIATIVE
793,T & B INTERNATIONAL CONSULTANTS LTD
794,T & B INVESTMENT PROPERTIES LTD
795,T & B INVESTMENTS LIMITED
796,T & B LAW LIMITED
797,T & B LEE LTD
798,T & B LEISURE LTD
799,T AND B LEISURE2021 LTD
800,T AND B LOGISTICS LIMITED
801,T & B MCKENNA LTD
802,T & B MECHANICAL SERVICES LIMITED
803,T & B NETWORK SERVICES LIMITED
804,T & B PACKAGING LTD
805,T & B PRESTIGE PRESSURE WASH LTD
806,T & B PROPERTIES LIMITED
807,T & B PROPERTIES (YORKSHIRE) LLP
808,T & B PROPERTY MAINTENANCE LTD
809,T & B RECYCLING AND SKIP HIRE LTD
810,T & B TRADING COMPANY LTD
811,G LIMITED
812,G T SOLUTIONS LIMITED
813,GRUBER GMBH & CO K G
814,G F HOLDINGS LIMITED
815,AUTOMOTIVE TRANSFORMATION GROUP LIMITED
816,AZETS G & E PROFESSIONAL SERVICES LIMITED
817,BEECHWOOD HOUSE ASSOCIATES LTD
818,BELL CIVIL ENGINEERING LIMITED
819,BRANTIER LIMITED
820,BRITT GROUP LTD
821,DENTAL WORLD CORNWALL LTD.
822,DJAJA HOLDINGS LIMITED
823,E G R INTERIORS LIMITED
824,EMPIRE EXPRESS ENTERPRISE LTD
825,G A ALLIANCE EUROPE LTD
826,G A & D DIGITAL INFORMATION LTD
827,GA & G FIX LTD
828,G A & J DEVELOPMENTS LIMITED
829,G A & R C DETAILING LTD
830,G A & S HOLDINGS LIMITED
831,G A A P REAL ESTATE LIMITED
832,G A ARCHITECTURAL LIMITED
833,G. A. ASSEMBLY LIMITED
834,G A AUTOCENTRE LIMITED
835,G A AUTOMOTIVE LIMITED
836,G A BARNETT ASSOCIATES LIMITED
837,G A B AUTOMOTIVE LTD
838,G. ABBOTT & CO. LIMITED
839,G. ABBOTT & COMPANY (HOLDINGS) LIMITED
840,G ABBOTT & SONS LIMITED
841,G ABBOTT & SONS HOLDINGS LIMITED
842,G ABBOTT ELECTRICAL LTD
843,G A B CARPENTRY LTD
844,G ABDULLAH LIMITED
845,G ABELLA (INSTALLATION AND MAINTENANCE ENGINEERS) LIMITED
846,G A BELT LIMITED
847,GABI G DELIVERY LTD
848,G. A. BLAND LIMITED
849,G A BODYWORK LIMITED
850,G A BOWER LIMITED
851,G. A. BRAND DESIGN LIMITED
852,GABRIEL & G LTD
853,G A BRITTAIN (RADIO) LIMITED
854,G A BROWN ASSOCIATES LIMITED
855,G A BUILDING MAINTENANCE LTD
856,G A BUILDING SERVICES LIMITED
857,G A BURT PROPERTY MANAGEMENT LIMITED
858,G. A. BUTLER & SONS LIMITED
859,G A CANNELL MEMORIALS LIMITED
860,G A CARERS FRANCHISES LTD
861,G A CARERS GROUP LIMITED
862,G A CARPENTRY LIMITED
863,G A CARS LIMITED
864,G A CARS SOUTH LTD
865,G A CARTER (1998) LIMITED
866,G ACCELERATION LIMITED
867,G ACCESS SOLUTIONS LIMITED
868,G A C CIVALS LTD
869,G ACCOUNTANCY SERVICES LIMITED
870,G ACCOUNTANT LTD
871,G A C ELECTRICAL LTD
872,G A CHAUFFEURS LTD
873,G A CIVILS LTD
874,G ACKERLEY LIMITED
875,G A CLARKE ASSOCIATES LLP
876,G A COCHRANE CONSTRUCTION LIMITED
877,G A COLOUR LIMITED
878,G A COMMERCE LTD
879,G A COMMERCIALS LIMITED
880,G A COMMUNICATIONS UK LTD.
881,G A CONSTRUCTION & UTILITIES LLP
882,G A CONSTRUCTION BATH LIMITED
883,G A CONSTRUCTION GROUP LTD
884,G A CONSTRUCTION MATTERS LIMITED
885,G. A. CONSTRUCTIONS LTD
886,G A CONTRACTING LTD
887,G A CONTRACTORS LIMITED
888,G A COOKE ELECTRICAL LTD
889,G A COOPER PROPERTIES 2017 LIMITED
890,G A COOPER PROPERTIES 2020 LIMITED
891,G A CREATIVE LTD
892,G A CUMBRIA LTD
893,G A D A M B A LIMITED
894,G. ADAMS CONSTRUCTION LIMITED
895,G ADAMS CONSULTANCY LTD
896,G ADAMS NDT TESTING LIMITED
897,G ADAMSON FLOORING LTD
898,G ADAMS TRADING LTD
899,G A DAVIDSON LIMITED
900,G A DAVIES LIMITED
901,G A DAVIS CONSULTANCY LTD
902,G A DEAN LIMITED
903,G ADEKUNLE PLUMBING LTD
904,G ADELAJA LIMITED
905,G. A. D. ESTATES LIMITED
906,G A DEVELOPMENTS LIMITED
907,G A DILLON SERVICES LIMITED
908,G A DOBLE (CIVIL ENGINEERING) LIMITED
909,G A DOOLEY LIMITED
910,G ADORMEO LTD
911,G A DOT LTD
912,G ADRIAN LTD
913,G A D TRANSPORT LIMITED
914,G A DUNCAN LTD
915,G ADVENTURES LIMITED
916,G ADVISORS LIMITED
917,G A EARTHWORKS LTD
918,G A ELECTRICAL CONTRACTOR (SOUTH WEST) LIMITED
919,G A ELECTRICAL (NW) LIMITED
920,G. A. ELECTRICAL SERVICES UK LIMITED
921,P LIMITED
922,P & A INVESTMENTS LIMITED
923,P & A KLEDRA LIMITED
924,ACORN ELECTRICAL AND HOME IMPROVEMENT LTD
925,AMBRO TRANSPORT & RECOVERY LTD
926,AYUSHKA LTD
927,BYRNE CONSTRUCTION LTD
928,CHP PROPERTY LTD
929,CITY & COUNTRY BRAMSHILL LETTINGS LTD
930,CTS NORTHERN PARKING LTD
931,DICKSON TIMBER LTD
932,DYNAMIC EFFICIENCY LTD
933,EAZYLAY CONCRETE LIMITED
934,GENERAL MANAGEMENT & CONSULTANCY LTD
935,GODFREY INVESTMENT GROUP LIMITED
936,INSIGHT CONCIERGE SERVICES LIMITED
937,JAY & S CONSTRUCTION LTD
938,JOE LEDLEY FOOTBALL ACADEMY LIMITED
939,LSAA LIMITED
940,MELLOR'S CONSULTANCY LTD
941,MIDLANDS UTILITIES LTD
942,MRS M'S SWEETS LTD
943,{N}.BORA LIMITED
944,NEWPORT MOTOR COMPANY LIMITED
945,N P&G CONSTRUCTION LTD
946,P AND CO LLP
947,P A A CONSTRUCTION LTD
948,P A & C A MEDICAL LTD
949,P A & J K KAMMER
950,P. A. AND J. O. LAWLEY (PROPERTIES) LIMITED
951,P A & S C TURNER LIMITED
952,P A & SON'S LTD
953,P A ARDEN & SON LIMITED
954,P A ARMSTRONG LIMITED
955,P A  ASK PROPERTIES LIMITED
956,P A ASSET MANAGEMENT LLP
957,P A ASSIST SERVICES LIMITED
958,P A AURORA LTD
959,P. A. BAKER DECORATORS LIMITED
960,P A B & SON LIMITED
961,P. A. BARHAM LIMITED
962,P A  BARTHOLOMEW LIMITED
963,P ABBOTT LIMITED
964,P A B CARS LTD
965,P A B DENTAL CARE LIMITED
966,P A BEAUMONT LIMITED
967,P A BEE LTD
968,P A BISHOP & CO LIMITED
969,P A BLACKBURN LIMITED
970,P A BLEVINS & CO LTD
971,P A BLEVINS & SONS LTD
972,P A B MANAGEMENT LIMITED
973,P A B MORTGAGES LTD
974,P A B PROJECT ENGINEERING LTD.
975,P ABRAHAM & SON LIMITED
976,P. ABRAHAM (BUILDERS) LIMITED
977,P A BRISTOW LIMITED
978,P A BROCK LTD
979,P A BROOKS LTD
980,P A BROWN & COMPANY LTD
981,P A BURKE ADMINISTRATION SERVICES LTD
982,P A BUTLER PLASTERING LIMITED
983,P A B VENTURES LTD
984,P A CAPITAL LIMITED
985,P A CARE AND DOM SERVICES LIMITED
986,P A CARE SERVICES LIMITED
987,P. A. CAREY SERVICES LIMITED
988,P A CAR HIRE LTD
989,P A CARNEY CONSULTING LTD
990,P A CARR LTD
991,P A CASSIDY (MECHANICAL SERVICES) LIMITED
992,P A CATERING LIMITED
993,P A C C LIMITED
994,P A C CONSTRUCTION SERVICES LTD
995,P ACCOUNTS LTD
996,P A C FAMILY SERVICES LIMITED
997,P A C GROUNDWORKS LIMITED
998,P A CHAMBERS & ASSOCIATES LIMITED
999,P A CHILDCARE LTD
1000,P A CHIP SHOP LTD
1001,P A CLARK LTD
1002,P A C MANAGEMENT COMPANY (EXETER) LIMITED
1003,P A C MANUFACTURING LIMITED
1004,P. A. C. METALS & WASTE LIMITED
1005,P A COBB LIMITED
1006,P A COCKMAN LTD
1007,P A COLLINGS LIMITED
1008,P A COLLINS BRICKWORK LTD
1009,P A COLLINS (FARRIER) LIMITED
1010,P A COLYER LIMITED
1011,P A COMMS LIMITED
1012,P A COMMUNICATIONS LIMITED
1013,P A CONNEELY CONSTRUCTION LTD
1014,P A CONSULTANTS LIMITED
1015,P A CONTRACTS LTD
1016,P A COOK & CO (HIGH WYCOMBE) LTD
1017,P A COOKSON LIMITED
1018,P. A. COURIERS LIMITED
1019,P A COX TRADING LIMITED
1020,P A C RAIL LTD
1021,P A CREATIVE LTD
1022,P A CREATIVE TECHNICAL LTD
1023,P A CREMIN LTD
1024,P A CROCKER LIMITED
1025,P. A. CROWE LIMITED
1026,P A CROWTHER TRANSPORTATION LIMITED
1027,P A C T CONSTRUCTION CONSULTANCY LIMITED
1028,P A C TRANSPORT LTD
1029,P ACUPUNCTURE LTD
1030,P A DALE
1031,P ADAMS DEVELOPMENTS LIMITED
1032,P ADAMS INSTALLATIONS LTD
1033,P ADAMS ROOFING LTD
1034,P A DAVIES ELECTRICAL LIMITED
1035,P ADDISON MEDICAL LIMITED
1036,P. ADDISON REMOVALS LTD
1037,P ADENIRAN CONSULTING LIMITED
1038,P A DENTAL LAB SERVICES LTD
1039,P A DESIGNS ARCHITECTS LTD
1040,P. A. DEVLYN (FINANCIAL SERVICES) LTD
1041,P A DHALIWAL PROPERTY LIMITED
1042,P A DODD LTD
1043,P A DODMAN BUILDING SERVICES LTD
1044,P ADRIAN LTD
1045,P A DUXBURY LIMITED
1046,P A E LIMITED
1047,P A EDGAR PLUMBING & HEATING LTD
1048,P A EDWARDS LIMITED
1049,P A EDWARDS SURFACING LIMITED
1050,P A ELECTRICAL AND CONTROLS LTD
1051,P A ELECTRICAL (GRIMSBY) LIMITED
1052,P A ELECTRICAL (HERTS) LTD
1053,P A ELECTRICAL (MIDLANDS) LIMITED
1054,P A ELECTRICAL SERVICES (MIDLANDS) LTD
1055,P A ENTERPRISES LIMITED
1056,P A ENVIRONMENTAL SERVICES LIMITED
1057,P A ESLICK LIMITED
1058,P A EVANS LIMITED
1059,P A EVANS ELECTRICAL LIMITED
1060,P A EXCAVATIONS LIMITED
1061,P A FENCING LIMITED
1062,P A F ENGINEERING SERVICES LIMITED
1063,P A FINEBERG LIMITED
1064,P A FIRE LIMITED
1065,P A FIRE AND SECURITY LTD
1066,P A FISHER AND SON LTD
1067,P A FLOORING LTD
1068,P A F MEDIA SALES LIMITED
1069,P A FORESTRY & RURAL SERVICES LTD
1070,P AFRO-FUSION BBQ LTD
1071,P A FUNERALS LIMITED
1072,P A GARDENS AND LANDSCAPING LTD
1073,P A GAURANTEED LIMITED
1074,P A G BUILDERS LIMITED
1075,P A GEDDES CONSULTANCY LTD
1076,P A G ELECTRONICS LIMITED
1077,P A GENERAL BUILDING SERVICES LIMITED
1078,P A GIBBONS LIMITED
1079,P A GIBSON ENGINEERING SERVICES LIMITED
1080,P A GITTINS LIMITED
1081,P A G KITCHEN INSTALLATIONS LIMITED
1082,P A G LEISURE LIMITED
1083,P A GOOCH LIMITED
1084,P A GOODMAN LTD
1085,P. A. GOTTS LIMITED
1086,P. A. GOUDIE CONSULTANCY LIMITED
1087,P A GOUGH PAINTING CONTRACTORS LIMITED
1088,P A GREEN BRICKWORK LIMITED
1089,P A GREEN ELECTRICAL LIMITED
1090,P. A GREENER LIMITED
1091,P A GREEN PROPERTIES LIMITED
1092,P A GREIG LTD.
1093,P. AGUILA HEALTHCARE SERVICES LIMITED
1094,P A HAMBLING LIMITED
1095,P A HANLAN LTD
1096,P A HANNAH HEATING AND PLUMBING LIMITED
1097,P A HARAN ELECTRICAL CONTRACTORS LIMITED
1098,P A HARPER ASSOCIATES LIMITED
1099,P A HARRIS LTD
1100,P A HAUALGE LIMITED
1101,P A H CARPENTRY & JOINERY LTD
1102,P A H CONSTRUCTION LTD
1103,P A HEIGHTON LTD
1104,P A HENERY LTD
1105,P AHERN CONSULTING LTD
1106,P A HIRE LIMITED
1107,P A HOME SERVICES LTD
1108,P A HOOLEY LIMITED
1109,P. A. HOWETT LIMITED
1110,P A H PLUMBING & HEATING LTD
1111,P A H TRADING LIMITED
1112,P A HYDRAULICS (N.E.) LTD
1113,P AIKEN LIMITED
1114,P A IMPEY LTD
1115,P. AINLEY JOINERY LTD
1116,P A INSTALLATIONS LTD
1117,P A INVESTMENTS LIMITED
1118,P A INVESTMENT SOLUTIONS LIMITED
1119,P AIREY TAIL LIFTS LIMITED
1120,P A JACKMAN CARPENTRY LIMITED
1121,P. A. JAMES LTD
1122,P A J CONSULTANTS LTD
1123,P A JESSOP LIMITED
1124,P .A. JEWELLERY LIMITED
1125,P A JOHNSON TRANSPORT LOGISTICS LTD
1126,P A JOINERY AND BUILDING CONTRACTORS LIMITED
1127,P A JOLLY LIMITED
1128,P A JONES LIMITED
1129,P A JONES (IVYBRIDGE) LLP
1130,P A JONES (PARTNERS) LLP
1131,P. A. JONES RADIOLOGICAL SERVICES LIMITED
1132,P A J PROPERTY AGENCY LIMITED
1133,P A J PROPERTY SOLUTIONS LTD
1134,P A K CONSULTANTS LIMITED
1135,P A KEEP LIMITED
1136,P AKENZUA LIMITED
1137,P AKERS FLOORING LTD
1138,P AKHTAR LTD
1139,P A KILBY ENTERPRISES LIMITED
1140,P. A. KNIGHT BUILDERS LIMITED
1141,P. A. K. O. HUI LTD
1142,P A K SERVICES LTD
1143,P A LAMBERT LIMITED
1144,P ALBERT MANAGEMENT COMPANY LIMITED
1145,P ALDERMAN LTD.
1146,P A LETTINGS LIMITED
1147,P A LEVERTON LTD
1148,P. A. L. GLASS MACHINERY LIMITED
1149,P ALI TRANSPORT LTD
1150,P.  ALLEN LIMITED
1151,P ALLEN BUILDERS LIMITED
1152,P ALLEN DECORATING LTD
1153,P ALLEN MANAGEMENT LTD
1154,P ALLEN PLASTERING CONTRACTORS LTD
1155,P. ALLEN SERVICES LIMITED
1156,P. ALLISON & SONS (DEMOLITION CONTRACTORS) LIMITED
1157,P. A. L. MANAGEMENT LIMITED
1158,PALMER P LTD
1159,P A LOGISTICS T/A ST JAMES HOME IMPROVEMENTS LTD
1160,P A LONDON LTD.
1161,P ALSOP LOGISTICS LIMITED
1162,P A MARTIN CONSTRUCTION LTD
1163,P A MATTHEWS & CO LIMITED
1164,P. AMBROSCH LIMITED
1165,P. A. M. CONSULTANTS LTD
1166,P A M DEVELOPMENTS LIMITED
1167,P A MEADE LTD
1168,P A MECHANICAL LIMITED
1169,P A MICHEL LIMITED
1170,P A MOODY RECYCLING LIMITED
1171,P. A. M. SOFTWARE LIMITED
1172,P A MURPHY LIMITED
1173,P A MURPHY CARPENTRY LTD
1174,P & A COMPANY LIMITED
1175,P & A ADAMS (HOMES) LTD
1176,P & A ADVERTISING AND MARKETING LTD
1177,P & A AGENCIES LIMITED
1178,P & A ANDERSON LIMITED
1179,P. & A. ANTIQUES LIMITED
1180,P & A ASSOCIATES LIMITED
1181,P & A AUDIO VISUAL LTD
1182,P & A AUTOMOTIVE SERVICES LTD
1183,P & A BAKERY LIMITED
1184,P & A BARRATT LIMITED
1185,P & A BARTON LIMITED
1186,P & A BRICKWORK LIMITED
1187,P. & A. BROWN (CARDON)
1188,P AND A CABS LIMITED
1189,P. & A. CAMPBELL LIMITED
1190,P & A CARPENTRY LTD
1191,P & A CARPENTRY AND JOINERY LTD
1192,P & A CATERING GROUP LTD
1193,P & A CHOLWILL LIMITED
1194,P & A COMMERCIALS (WALES) LTD
1195,P & A CONSTRUCTION CO. LTD
1196,P & A CONSTRUCTION BUILDING SERVICES LIMITED
1197,P & A CONSTRUCTION (CAMBRIDGE) LIMITED
1198,P AND A CONSTRUCTION GROUP LIMITED
1199,P & A CONSTRUCTION SOLUTIONS LTD
1200,P & A CONSULTANCY CYMRU LIMITED
1201,P & A CONSULTING (BRISTOL) LIMITED
1202,P & A CONTRACTORS LIMITED
1203,P & A CONTRACTS LTD
1204,P & A CONTRACTS (UKI) LTD
1205,P & A CROFT (FARMERS) LIMITED
1206,P & A CROSS INVESTMENTS LTD
1207,P & A CUTHBERTSON LTD
1208,P & A C WHITFIELD DRIVER SOLUTIONS LIMITED
1209,P & A DEVELOPMENTS (DEVON) LTD
1210,P & A DEVELOPMENTS (LONDON) LTD
1211,P & A EARTH SOLAR PROJECT LTD
1212,P & A ELECTRICAL CONTRACTORS LIMITED
1213,P & A ELECTRICAL SERVICES LIMITED
1214,P & A ENGINEERING CONSULTANTS LIMITED
1215,P & A ENVIRONMENTAL LIMITED
1216,P & A ESTATE CONTROL LLP
1217,P & A ETTLES & SON TIMBER HARVESTING LTD.
1218,P & A EVENTS LIMITED
1219,P AND A EYECARE LIMITED
1220,P & A FAIRHURST LIMITED
1221,P & A FARMING LIMITED
1222,P & A FARREN LTD
1223,P AND A FENCING AND SHEDS LIMITED
1224,P & A FRANCIS PROPERTIES LIMITED
1225,P & A FRUIT LIMITED
1226,P & A GAS SERVICES LIMITED
1227,P & AG CONSULTING LIMITED
1228,P & A GELL-RATHBONE LTD
1229,P & A GLAZING CONTRACTORS LIMITED
1230,P & A GLOBAL LTD
1231,P & A GREY LIMITED
1232,P & A GRIEVE
1233,P & A GROUNDS MAINTENANCE LIMITED
1234,P & A GROUNDWORKS LIMITED
1235,P & A GROUP INVESTMENTS LIMITED
1236,P & A HANNIGAN LIMITED
1237,P & A HARRISON LTD
1238,P & A HARRISON BUILDERS LIMITED
1239,P & A HAYWARD LIMITED
1240,P & A HENDERSON LIMITED
1241,P & A HERITAGE LTD
1242,P AND A HODGES LIMITED
1243,P & A HOLDINGS (NW) LIMITED
1244,P & A HOLDINGS (UK) LIMITED
1245,P & A HOME MATE LTD
1246,P & A HURST HOLDINGS LIMITED
1247,P & A HYDRAULICS LIMITED
1248,P & A IMAGING LIMITED
1249,P & A INSOLVENCY SERVICES LIMITED
1250,P & AJ LIMITED
1251,P & A J CATTEE (WHOLESALE) LTD.
1252,P & A JENNINGS HOLDINGS LIMITED
1253,P AND A JEWELLERS LIMITED
1254,P AND A JOINERY LIMITED
1255,P & A JORDAN INVESTMENTS LTD
1256,P. & A.J. PICKUP LIMITED
1257,P & A KENNEDY LIMITED
1258,P & A KING BROTHERS AGRICULTURE LTD
1259,P & A LAMB CONSULTING LTD
1260,P & A LAND LTD
1261,P & A LAND DEVELOPMENTS LIMITED
1262,P & A LEGACY HOLDING LTD
1263,P & A LETTINGS LTD
1264,P & A LLOYD CONSULTING LIMITED
1265,P & A LONDON LIMITED
1266,P & A LOVE LIMITED
1267,P & A LUKER HIRE LIMITED
1268,P & A MAINTENANCE LTD
1269,P & A MAINTENANCE SERVICES LTD
1270,P & A MANAGEMENT LIMITED
1271,P & A MANAGEMENT SERVICES LTD
1272,P AND A MARINE SERVICES LIMITED
1273,P & A MARS MOTORS LIMITED
1274,P & A MCGUIGAN LIMITED
1275,P & A MEDICAL LIMITED
1276,P & A M FLETCHER OPTICIANS LIMITED
1277,P. & A.M. HOLMES-SMITH
1278,P & A MILL CONSTRUCTION LTD
1279,P & A MINING MACHINERY SERVICES LIMITED
1280,P & A MITCHELL LIMITED
1281,P & A MOORE LTD
1282,P & A MORGAN LTD
1283,P & A MORGAN OPTICAL LIMITED
1284,P. & A. MOTORCYCLES LIMITED
1285,P & A MULTI TRADER LIMITED
1286,P AND A OLIVER PLUMBING & HEATING LIMITED
1287,P. & A. PACKING (NORTHERN) LIMITED
1288,P & A PAINTING & DECORATING CONTRACTORS LTD
1289,P AND A PALLETS LIMITED
1290,P & A PALLETS NW LTD
1291,P & A PLANT SUPPLIES LIMITED
1292,P & A PLASTERING AND FLOOR SCREEDING CONTRACTORS LIMITED
1293,P & A PRECISION (ENGINEERING) LIMITED
1294,P & A PRECISION (HOLDINGS) LTD.
1295,P & A PROJECTS LIMITED
1296,P & A PROPERTIES LIMITED
1297,P & A PROPERTIES (CAMBRIDGE) LTD
1298,P & A PROPERTIES (MERSEYSIDE) LIMITED
1299,P. & A. PROPERTIES (1989) LIMITED
1300,P & A PROPERTIES SERVICES LTD
1301,P & A PROPERTIES (SW) LIMITED
1302,P & A PROPERTIES WIRRAL LTD
1303,P & A PROPERTY & FINANCE LTD
1304,P & A PROPERTY (WESTON) LIMITED
1305,P & A QUINN FACILITIES LIMITED
1306,P & A RANN CONSTRUCTION LIMITED
1307,P & A REAL ESTATES LTD
1308,P AND A RESEARCH AND CONSULTING LIMITED
1309,P & A RESIDENTIAL PARKS LIMITED
1310,P AND A SALES AND LETTINGS LIMITED
1311,P & A SECURITY AND FACILITIES MANAGEMENT LIMITED
1312,P & A SERVICES LIMITED
1313,P & A SERVICES (ESSEX) LIMITED
1314,P & A SERVICES SOUTH WEST LIMITED
1315,P & A SHARVILLE LIMITED
1316,P & A S HAYSELDEN LIMITED
1317,P & A SHOPFITTING LIMITED
1318,P & A SIDGWICK LIMITED
1319,P & A SKIBINSKI CONTRACTORS LIMITED
1320,P & A SOFTWARE SOLUTIONS (UK) LIMITED
